o rdmobj00
v 21.066525 52.795132 49.530712
v 21.940397 58.547638 34.992897
v 25.340073 69.274399 49.530712
v 24.810865 71.153358 34.992897
v 23.893425 85.715981 49.530712
v 23.397715 85.062592 34.992897
v 18.982237 99.518394 49.530712
v 18.545256 98.424194 34.992897
v 13.493019 105.266273 49.530716
v 9.208923 107.073341 34.992901
v 0.000004 108.635765 34.992901
v 8.341930 105.246872 20.124668
v 0.000003 106.884499 20.124668
v 7.811066 103.607071 6.021857
v 0.000003 105.213654 6.031222
v 8.342313 101.313477 -10.837545
v -0.000001 103.209808 -10.837545
v -0.000002 99.877182 -26.415436
v -8.342315 101.313477 -10.837545
v -8.434899 98.038574 -26.384520
v -12.429254 98.141457 -14.995692
v -21.844259 90.930550 -26.235441
v -21.844261 91.039291 -11.854209
v -26.138208 78.620941 -25.585363
v -23.404144 79.343498 -7.682084
v -24.295382 66.397858 -6.192954
v -18.007994 73.805481 -0.006434
v -16.531584 66.397858 0.648324
v -0.894438 66.413666 -6.763587
v -15.028810 53.053841 -1.022767
v -3.222121 53.053841 -6.888081
v -14.343652 48.155739 -3.407327
v -3.448558 48.155735 -9.272619
v -13.132079 38.403534 -13.270690
v -4.519271 40.820984 -15.670581
v -12.412302 33.315727 -25.745787
v -5.500755 34.538891 -29.424452
v -12.415112 26.714437 -28.076330
v -5.500759 28.291271 -31.849813
v -12.415116 19.331791 -28.540720
v -5.451108 18.855900 -31.765158
v -4.119615 11.265004 -28.947794
v 24.170431 133.635864 97.606773
v 26.074335 122.510086 102.526154
v 27.186592 133.635864 100.339737
v 30.930817 122.510101 96.687096
v 28.798965 110.480843 102.956635
v 34.292721 110.480843 101.247787
v 27.924267 100.051147 113.442474
v 29.396135 100.051155 96.562500
v 22.803204 86.677856 106.081345
v 26.639790 86.241508 99.510712
v 22.763865 72.532280 100.883911
v 20.830467 70.526787 81.705307
v 19.098532 61.398834 94.237106
v 16.338333 53.740093 83.122063
v 12.577948 56.988319 99.225304
v 9.218853 48.871223 83.122063
v 5.952508 52.916416 100.139778
v -0.000001 45.224815 83.122063
v 0.000000 50.962845 101.227982
v -5.952507 52.916416 100.139786
v -7.566756 60.644264 111.226517
v -12.577948 56.988319 99.225311
v -14.396086 63.713390 108.854530
v -15.007368 64.312912 103.679474
v -17.627197 72.489014 106.332451
v -22.763861 72.532280 100.883911
v -22.803192 86.677856 106.081345
v -26.639774 86.241516 99.510727
v -29.396120 100.051155 96.562500
v -32.144276 100.051155 92.033081
v -29.354736 110.858673 84.235306
v -31.569443 108.561150 83.315277
v -30.170765 111.388611 75.005676
v 21.820507 105.149712 59.382309
v 13.493019 105.266273 49.530716
v 23.581974 109.338181 60.742020
v 22.419744 117.850479 54.730927
v 29.738596 126.808479 70.796822
v 26.483334 132.114212 62.320999
v 26.023764 142.283813 78.348854
v 23.875868 146.150757 73.228851
v 26.826290 154.337738 82.585403
v 23.475588 159.485779 78.937057
v 24.955486 158.914001 87.887093
v 21.851971 164.038681 85.440056
v 19.709772 163.127136 92.917725
v 12.815997 170.075653 91.312035
v 19.652130 166.884720 100.234581
v 11.047442 174.850754 99.167297
v 19.770311 169.521057 106.000748
v 12.180353 176.735641 108.760490
v 19.019468 168.044861 112.048004
v 12.106390 174.522430 114.893654
v 11.454177 166.904144 119.739365
v 5.517282 174.747345 117.535591
v 6.797622 167.177460 121.584839
v -0.662516 172.030167 119.812004
v 2.890388 165.323044 123.155579
v -3.529448 167.562714 120.734749
v 0.613636 162.334610 123.660904
v -3.248315 158.752884 119.765999
v 0.000014 157.774948 123.476547
v -1.946995 155.449432 121.990517
v 0.000013 154.076508 124.501945
v 22.765314 75.099724 20.124666
v 21.699112 84.776321 20.124664
v 19.044336 75.562378 6.021855
v 18.160858 84.155792 6.021856
v 18.037180 74.861740 -0.790256
v 17.849968 83.540855 0.418985
v 18.007998 73.805489 -0.006436
v 23.404144 79.343506 -7.682086
v 24.295383 66.397858 -6.192959
v 26.138212 78.620949 -25.585361
v 26.770195 66.520378 -23.059664
v 22.316967 66.638725 -37.188919
v 21.210508 57.854561 -35.201817
v 12.415065 58.204288 -39.502087
v 19.188738 47.621338 -36.333179
v 12.412489 48.772850 -40.011894
v 17.090677 38.072979 -42.746799
v 12.415103 39.169071 -45.195744
v 17.090672 35.827457 -44.009819
v 12.415098 36.705585 -46.476490
v 16.754255 32.400902 -47.048836
v 12.415104 32.788803 -49.781410
v 16.754255 30.476973 -47.344967
v 12.415108 30.454704 -50.120060
v 12.415110 17.308800 -43.427452
v 8.070021 30.476938 -47.344955
v 6.867404 17.741224 -40.184929
v 13.714580 14.494678 67.404427
v 16.656303 9.958633 66.353920
v 12.999104 10.194843 67.632637
v 14.240444 8.279047 70.286469
v 17.823952 8.031154 69.072289
v 22.859871 7.398407 69.511032
v 22.859869 11.895607 66.728943
v 31.282846 12.099158 68.554230
v 22.859869 14.507526 64.153976
v 31.167007 14.494682 67.114365
v 31.038961 19.122629 66.421524
v 31.038977 19.320162 76.640923
v 31.252607 24.759897 65.537392
v 31.252623 23.450346 76.771660
v 33.414948 37.498810 77.585831
v 22.863764 37.498810 82.426880
v 33.519264 47.429604 78.383125
v 22.863764 47.429592 83.342293
v 32.566982 53.692039 79.610313
v 22.863756 53.058403 84.353157
v 33.378132 62.804405 91.460236
v 22.863756 62.135082 94.568596
v 24.236485 73.268311 99.929962
v 10.748828 73.973335 95.856476
v 11.787403 86.241508 95.215858
v 10.750313 75.362831 68.601845
v 20.303967 86.440239 80.367584
v 23.563700 85.834976 59.824776
v -14.338215 19.122627 66.421570
v -14.338213 24.759912 65.537430
v -14.338206 19.320164 76.640968
v -14.338202 23.450367 76.771698
v -22.863745 19.218088 79.718155
v -22.863743 22.946306 79.974060
v -31.252605 23.450375 76.771721
v -22.863739 37.498829 82.426926
v -33.414921 37.498829 77.585884
v -33.519249 47.429623 78.383163
v -33.305080 46.864368 61.923347
v -32.880493 51.442390 60.551750
v -22.863756 46.581856 57.954552
v -22.863756 52.249054 56.529110
v -12.235205 51.098186 61.188938
v -22.863756 57.502590 57.492931
v -12.603509 56.680695 64.157448
v -22.863752 61.412895 60.767445
v -11.720667 65.156227 67.741791
v -22.863750 66.023560 62.493008
v -10.750313 75.362816 68.601868
v -23.497173 75.729591 62.572304
v -23.563702 85.834976 59.824795
v -33.915180 85.488853 64.535828
v -23.517822 100.929436 61.234802
v -31.644217 101.496056 67.248993
v -27.747618 107.767471 66.844154
v -30.170765 111.388611 75.005676
v -0.000006 79.416031 -132.353531
v -0.000006 77.384789 -138.971100
v 6.389449 83.188507 -132.353531
v 3.773965 80.262825 -139.459976
v -0.000006 79.113625 -139.459976
v -0.000006 78.792091 -146.619232
v -3.773977 80.262825 -139.459976
v -6.389460 83.188507 -132.353531
v -0.000005 83.677238 -125.727730
v 2.490710 86.546867 -127.480782
v 6.389450 89.777794 -132.353531
v -0.000005 89.418045 -125.560982
v -0.000006 93.943260 -132.014328
v -6.389461 89.777794 -132.353531
v -0.000006 96.334961 -139.852081
v -3.546315 93.194481 -140.331009
v -0.000006 95.222229 -148.308502
v -0.000007 93.867844 -142.461411
v 3.546303 93.194481 -140.331009
v -5.028033 86.600258 -44.043045
v -0.000002 80.116547 -44.043049
v -0.000002 78.812073 -41.365582
v 5.028031 86.600258 -44.043049
v 5.025224 88.300812 -41.721134
v -0.000002 92.391571 -44.043049
v -0.000001 93.799568 -37.928680
v -5.025229 88.300819 -41.721130
v -7.616916 92.714417 -37.472004
v -7.616916 88.683723 -42.034451
v -17.532284 89.038506 -37.740211
v -11.033387 78.620949 -44.571182
v -21.287477 78.614265 -39.826317
v -12.154085 66.642906 -42.054871
v -22.316967 66.638725 -37.188915
v -12.415063 58.204281 -39.502094
v -21.210505 57.854553 -35.201817
v -19.188736 47.621326 -36.333168
v -25.035824 55.168167 -22.139347
v -22.022644 47.008972 -21.732073
v -22.349533 48.155735 -9.272593
v -20.238495 40.324802 -16.432541
v 20.486542 124.875145 96.706131
v 21.827143 111.479462 110.110641
v 14.433246 112.670082 103.924698
v 9.086825 100.051147 117.801239
v 4.999903 100.051147 112.860863
v 5.148984 87.114204 120.349289
v 0.000005 87.114204 117.381287
v 0.000003 72.679878 114.997238
v -5.148974 87.114204 120.349289
v -9.882297 71.729416 119.416977
v -14.932411 87.114204 122.508118
v -16.894165 72.445755 114.837616
v -22.038780 87.114204 117.481628
v -27.924252 100.051147 113.442474
v -34.292706 110.480843 101.247787
v -33.373924 110.480850 83.052475
v -37.548584 122.510124 94.717392
v -34.589642 124.005295 78.253937
v -35.808060 135.447113 94.397736
v -31.818352 137.735214 82.082710
v 31.569458 108.561142 83.315277
v 32.144291 100.051147 92.033066
v 33.631248 101.371567 78.309593
v 34.284317 86.241508 96.127274
v 36.372871 86.958221 80.127716
v 34.898323 73.973351 96.546921
v 35.684948 75.463470 82.279457
v 33.283474 65.156235 67.741776
v 32.566978 56.680710 64.157417
v 32.880489 51.442375 60.551701
v 33.305069 46.864353 61.923294
v 22.863747 46.581841 57.954514
v 33.126286 36.706181 62.887920
v 22.863749 36.263905 58.938519
v 22.859861 25.113289 62.234051
v 22.859863 18.877758 63.370636
v 14.338212 24.759888 65.537399
v 14.338214 19.122623 66.421539
v 6.939035 3.437669 -12.135546
v 9.640280 3.437676 -9.779938
v 7.026339 7.773540 -13.503677
v 9.706383 9.344844 -11.565071
v 12.700725 8.049442 -12.907097
v 12.700725 10.876059 -16.296862
v 15.549658 9.030293 -12.461110
v 15.487084 11.977270 -16.039532
v 17.879297 9.221352 -17.075525
v 15.398803 10.758837 -20.114391
v 17.870998 8.112848 -20.532375
v 21.011375 8.390793 -26.898125
v 19.832817 8.682194 -21.251127
v 21.862850 6.925937 -22.244215
v 22.208317 8.029214 -18.961948
v 22.875746 3.437676 -19.174875
v 22.513456 5.699211 -16.252783
v 22.613222 3.437673 -15.478292
v 20.606134 3.437671 -13.097239
v 19.914671 -0.000018 -15.186943
v 18.121826 3.437671 -13.348145
v 17.929886 -0.000018 -15.377841
v 16.929714 0.000008 95.927895
v 16.720791 3.877882 98.183479
v 14.699446 0.000007 95.713631
v 13.914812 3.877881 98.038658
v 11.437871 3.877882 95.132744
v 11.590998 7.178916 94.160019
v 11.137229 3.877883 90.638451
v 11.925385 10.489334 90.494408
v 12.315092 9.162065 87.457237
v 14.606750 10.951257 88.489456
v 13.631689 9.735341 82.131279
v 17.021517 10.475069 89.749222
v 20.021915 13.007868 90.198364
v 17.012543 11.757813 93.158997
v 19.920284 14.382310 94.098412
v 19.842489 10.541435 98.765671
v 23.220243 12.268717 93.656570
v 23.220243 9.080163 97.480385
v 26.433977 10.186609 97.857231
v 26.520971 3.877878 99.796989
v 29.169479 8.014805 95.799316
v 29.335501 3.877880 97.063492
v -29.335451 3.877906 97.063545
v -26.520918 3.877898 99.797043
v -29.169428 8.014829 95.799370
v -26.433931 10.186628 97.857285
v -23.220198 9.080183 97.480438
v -23.220201 12.268736 93.656616
v -19.842434 10.541457 98.765709
v -19.920235 14.382330 94.098457
v -17.012499 11.757828 93.159050
v -20.021877 13.007887 90.198410
v -17.021482 10.475082 89.749275
v -13.631663 9.735364 82.131332
v -14.606718 10.951271 88.489502
v -12.315062 9.162080 87.457275
v -11.925344 10.489349 90.494446
v -11.137189 3.877901 90.638496
v -11.590955 7.178935 94.160065
v -11.437824 3.877901 95.132797
v -13.914763 3.877901 98.038696
v -14.699397 0.000026 95.713676
v -16.720739 3.877901 98.183525
v -16.929667 0.000025 95.927956
v -17.929892 -0.000010 -15.377836
v -18.121832 3.437679 -13.348141
v -19.914679 -0.000018 -15.186939
v -20.606138 3.437671 -13.097236
v -22.613226 3.437673 -15.478288
v -22.513460 5.699209 -16.252777
v -22.875751 3.437675 -19.174871
v -22.208317 8.029212 -18.961945
v -21.862852 6.925935 -22.244207
v -19.832823 8.682191 -21.251120
v -21.011379 8.390781 -26.898121
v -17.870998 8.112855 -20.532370
v -15.398810 10.758842 -20.114382
v -17.879311 9.221357 -17.075516
v -15.487090 11.977277 -16.039526
v -15.549666 9.030307 -12.461105
v -12.700732 10.876066 -16.296856
v -12.700733 8.049450 -12.907091
v -9.706395 9.344858 -11.565063
v -9.640288 3.437685 -9.779930
v -7.026347 7.773549 -13.503667
v -6.939043 3.437686 -12.135537
v 18.849607 125.756004 104.031120
v 13.454789 127.651894 107.193527
v 14.684653 120.054008 101.133232
v 7.294266 120.054008 101.520119
v 6.641732 112.880981 103.710510
v 0.000008 112.880981 104.260315
v 0.000007 100.051147 113.385361
v -4.999891 100.051147 112.860870
v -9.086812 100.051147 117.801239
v -18.684193 100.051147 119.960060
v -21.827127 111.479462 110.110649
v -28.798950 110.480843 102.956635
v -30.930801 122.510117 96.687103
v -30.666195 134.717865 96.072029
v 0.000004 108.635765 34.992901
v 10.842719 112.885002 45.128586
v 0.000005 114.839355 44.084610
v 14.090507 123.280029 48.593613
v 0.000007 124.291779 47.226814
v 15.781809 137.172226 55.406364
v 0.000009 138.362900 53.976593
v 14.427289 150.283691 66.977386
v 0.000010 151.369690 65.807648
v 13.815551 164.063614 75.838799
v 0.000012 165.121460 74.751419
v 13.360982 167.368576 83.644936
v 0.000013 168.556137 83.193489
v 0.000014 168.407410 91.372284
v 4.206588 175.130966 99.456367
v -2.711446 172.445496 99.966614
v -1.966614 174.807175 111.742271
v -5.076434 170.265686 112.150192
v 22.129927 3.437680 -25.081165
v 19.409678 7.717496 -36.338825
v 21.011375 8.390793 -26.898125
v 20.705450 11.265048 -28.947798
v 19.379141 18.855940 -31.765152
v 12.415111 19.331800 -28.540724
v 19.329987 28.291300 -32.706501
v 12.415108 26.714458 -28.076340
v 19.329992 34.538902 -30.281172
v 12.412304 33.315742 -25.745790
v 20.238497 40.324821 -16.432547
v 13.132081 38.403545 -13.270696
v 22.349541 48.155750 -9.272596
v 14.343657 48.155746 -3.407330
v 22.575991 53.053844 -6.888046
v 15.028807 53.053841 -1.022772
v 16.531588 66.397850 0.648324
v 0.894441 66.413666 -6.763587
v 17.209419 97.092659 20.124666
v 14.758169 95.847137 6.021857
v 14.371636 94.536606 -8.976254
v 12.429253 98.141464 -14.995693
v 8.434896 98.038582 -26.384521
v 21.844259 90.930542 -26.235443
v 17.532280 89.038513 -37.740211
v 21.287483 78.614273 -39.826321
v 11.033389 78.620956 -44.571178
v 12.154084 66.642906 -42.054871
v 2.859077 66.633652 -37.343929
v 4.587593 57.854553 -35.201805
v 6.720874 48.044300 -36.841648
v 14.240444 8.279047 70.286469
v 14.046760 11.173186 71.820389
v 12.999104 10.194843 67.632637
v 13.714580 14.494678 67.404427
v 13.873296 15.890285 77.292053
v 14.338221 19.320152 76.640938
v 22.863764 19.218079 79.718102
v 14.338219 23.450346 76.771667
v 22.863762 22.946289 79.974014
v 12.320579 35.748940 78.043373
v 11.651248 47.429600 78.719025
v 12.603512 53.692032 79.610321
v 11.633804 62.804401 91.460243
v 30.170776 111.388603 75.005669
v 31.644222 101.496040 67.248978
v 27.747623 107.767471 66.844147
v 23.517830 100.929436 61.234795
v 33.915180 85.488853 64.535805
v 23.563700 85.834976 59.824776
v 23.497168 75.729599 62.572277
v 10.750313 75.362831 68.601845
v 22.863750 66.023560 62.492981
v 11.720668 65.156227 67.741776
v 22.863752 61.412891 60.767406
v 12.603509 56.680706 64.157417
v 22.863747 57.502586 57.492901
v 12.235200 51.098179 61.188927
v 22.863747 52.249046 56.529076
v 0.000011 117.788574 110.932411
v 0.000011 121.264977 109.975456
v 10.142475 118.140320 112.205612
v 7.159271 127.522072 105.209274
v 0.000008 120.054008 104.928322
v -7.294248 120.054008 101.520103
v -6.641716 112.880981 103.710510
v -14.684632 120.054008 101.133232
v -14.433232 112.670082 103.924698
v -20.486523 124.875145 96.706131
v -26.074316 122.510101 102.526176
v -7.811062 103.607071 6.021857
v -8.341925 105.246872 20.124668
v -9.208916 107.073341 34.992901
v -13.493010 105.266273 49.530716
v -18.545248 98.424194 34.992901
v -18.982229 99.518394 49.530716
v -23.397711 85.062592 34.992901
v -23.893421 85.715981 49.530716
v -24.810865 71.153358 34.992901
v -25.340073 69.274399 49.530716
v -21.940397 58.547646 34.992897
v -21.066528 52.795132 49.530712
v -7.762734 82.571442 -139.459976
v -7.762735 91.018982 -139.459961
v -4.888154 90.563957 -149.243332
v -0.000007 92.603767 -150.291901
v -3.055311 88.328758 -155.814011
v -0.000006 89.554085 -156.338287
v -0.000007 82.978279 -162.432953
v 3.055298 88.328758 -155.814011
v -0.000007 84.750801 -155.425842
v -0.000006 84.988686 -149.809677
v 9.775353 12.749730 -15.702551
v 7.197670 10.423148 -16.589659
v 9.865448 11.531304 -20.008547
v 7.205627 9.286005 -20.406700
v 3.813693 8.390796 -26.898130
v 5.064969 9.708138 -21.523460
v 3.033440 8.122043 -22.438538
v 2.687968 9.298654 -18.763500
v 1.989278 3.437674 -18.860447
v 2.391536 6.364003 -15.514001
v 2.255790 3.437670 -14.651695
v 4.451567 3.437669 -12.075642
v 5.147141 -0.000020 -14.136750
v 6.939035 3.437669 -12.135546
v 7.124244 -0.000019 -14.135076
v 26.363380 13.510936 93.820572
v 29.056479 10.537596 92.817421
v 26.263798 12.136487 90.078964
v 29.047115 9.287145 89.566055
v 32.210159 9.735340 82.131271
v 31.256828 9.913040 88.712532
v 33.550114 7.948258 87.635010
v 33.939823 9.192809 90.716209
v 34.698128 3.877885 90.283737
v 34.284031 6.564460 93.772270
v 34.401993 3.877883 94.687302
v 32.137909 3.877881 97.373253
v 31.357908 0.000006 95.015953
v 29.335501 3.877880 97.063492
v 29.118973 0.000005 94.773903
v -29.118933 0.000031 94.773972
v -29.335451 3.877906 97.063545
v -31.357861 0.000030 95.016029
v -32.137871 3.877905 97.373322
v -34.401958 3.877905 94.687386
v -34.283989 6.564481 93.772354
v -34.698093 3.877905 90.283813
v -33.939781 9.192830 90.716293
v -33.550079 7.948278 87.635086
v -31.256790 9.913060 88.712601
v -32.210133 9.735369 82.131348
v -29.047081 9.287168 89.566116
v -26.263756 12.136502 90.079025
v -29.056442 10.537618 92.817482
v -26.363337 13.510953 93.820633
v -7.124249 -0.000011 -14.135068
v -5.147144 -0.000011 -14.136739
v -6.939043 3.437686 -12.135537
v -4.451574 3.437686 -12.075630
v -2.255796 3.437680 -14.651686
v -2.391542 6.364011 -15.513988
v -1.989284 3.437683 -18.860435
v -2.687975 9.298660 -18.763487
v -3.033448 8.122050 -22.438522
v -5.064977 9.708146 -21.523449
v -3.813697 8.390785 -26.898119
v -7.205633 9.286011 -20.406691
v -9.865456 11.531312 -20.008535
v -7.197680 10.423155 -16.589651
v -9.775363 12.749738 -15.702542
v -12.235205 51.098186 61.188938
v -12.603509 56.680695 64.157448
v -11.651229 47.429615 78.719055
v -12.603504 53.692036 79.610344
v -22.863735 47.429615 83.342331
v -22.863745 53.058418 84.353195
v -32.566978 53.692036 79.610352
v -33.378117 62.804417 91.460274
v -33.283470 65.156235 67.741806
v -35.684944 75.463470 82.279495
v -33.915192 75.392899 68.012054
v -36.372868 86.958214 80.127724
v -33.631237 101.371582 78.309601
v -31.282839 2.498226 73.630409
v -31.282839 8.279054 70.967865
v -22.917019 2.397124 71.780983
v -22.859865 7.398422 69.511086
v -14.240443 8.279055 70.286507
v -17.823948 8.031160 69.072319
v -16.656301 9.958647 66.353966
v -18.289698 11.889296 68.332451
v -17.474619 14.499950 66.072937
v -22.859867 14.507531 64.154030
v -22.859867 18.877760 63.370686
v -31.038960 19.122635 66.421577
v -31.252609 24.759914 65.537445
v -31.038960 19.320171 76.640984
v 24.170431 133.635864 97.606773
v 27.186592 133.635864 100.339737
v 22.587194 140.731049 100.540710
v 24.819389 140.731049 103.561165
v 20.141993 145.242569 108.783508
v 26.296206 141.276581 101.792542
v 23.645491 146.398666 109.066727
v 31.052868 142.671982 101.442680
v 25.884270 150.830261 107.938286
v 26.806608 151.533524 101.821037
v 24.563627 161.434906 103.875130
v 25.686617 152.393234 96.873245
v 23.810329 160.081482 98.917221
v 23.822935 156.112671 98.882759
v 21.484365 158.667297 99.364517
v -7.733931 38.072937 -42.746780
v -7.733932 35.827442 -44.009815
v -12.415102 39.169056 -45.195732
v -12.415106 36.705566 -46.476490
v -17.090679 35.827438 -44.009815
v -16.754263 32.400883 -47.048836
v -19.329990 28.291281 -32.706497
v -16.754263 30.476952 -47.344963
v -17.957197 17.741230 -40.184933
v -12.415117 17.308784 -43.427448
v -19.409691 7.717472 -36.338821
v -12.415125 7.132739 -38.723099
v -12.415120 1.862610 -36.106968
v -5.420572 7.717474 -36.338825
v -4.744306 1.862607 -33.622326
v -31.569443 108.561150 83.315277
v -32.144276 100.051155 92.033081
v -34.284298 86.241516 96.127289
v -26.639774 86.241516 99.510727
v -34.898312 73.973358 96.546944
v -24.236473 73.268326 99.929985
v -22.863741 62.135101 94.568634
v -11.633790 62.804409 91.460274
v -11.720667 65.156227 67.741791
v -33.126286 36.706188 62.887974
v -22.863758 36.263920 58.938557
v -12.599550 35.748951 63.180149
v -22.859869 25.113302 62.234100
v -14.338213 24.759912 65.537430
v -14.338215 19.122627 66.421570
v -13.714580 14.494686 67.404472
v -12.999104 10.194857 67.632660
v 26.309587 0.000004 97.478828
v 23.220245 0.000002 96.765678
v 29.118973 0.000005 94.773903
v 12.597919 0.000007 93.246246
v 33.207016 0.000008 92.771553
v 12.267232 0.000009 89.156197
v 33.457413 0.000009 89.156181
v 12.939815 0.000003 84.900581
v 32.793461 0.000002 84.900566
v 14.948930 0.000002 76.439903
v 30.897175 -0.000001 76.439888
v 22.917027 -0.000002 74.403572
v 31.282852 2.498199 73.630325
v 22.917025 2.397100 71.780914
v 21.940397 58.547638 34.992897
v 21.066525 52.795132 49.530712
v 11.611923 50.081322 34.992897
v 11.592163 47.040951 49.530712
v -0.000003 48.086376 34.992893
v -0.000003 45.069397 49.530708
v -11.592169 47.040951 49.530712
v -10.311266 46.038082 64.556938
v -18.741386 50.683472 64.556946
v -16.338337 53.740093 83.122070
v -20.830467 70.526794 81.705307
v -19.098528 61.398838 94.237114
v 3.507371 86.547562 -76.565720
v -0.000005 89.827003 -93.137794
v -0.000003 90.583572 -76.565712
v -3.507377 86.547562 -76.565712
v -2.852329 86.547493 -93.137794
v -0.000004 83.278038 -93.137794
v -0.000005 83.552811 -109.710052
v 2.852322 86.547493 -93.137802
v 2.611886 86.547081 -109.710052
v -0.000005 89.546783 -109.710052
v -0.000005 89.418045 -125.560982
v -2.611896 86.547081 -109.710052
v -2.490721 86.546867 -127.480782
v -0.000005 83.677238 -125.727730
v 2.490710 86.546867 -127.480782
v -0.000003 82.527672 -76.565712
v 3.222122 53.053844 -6.888080
v 3.448561 48.155754 -9.272626
v 4.519273 40.820999 -15.670584
v 5.500756 34.538902 -29.424456
v 5.500754 28.291286 -31.849817
v 5.451101 18.855921 -31.765163
v 4.119607 11.265028 -28.947798
v -25.686594 152.393234 96.873238
v -26.806583 151.533524 101.821037
v -23.889242 160.701019 103.722916
v -25.884247 150.830261 107.938293
v -23.037342 159.854370 109.626404
v -20.875666 157.945358 113.456421
v -18.584312 166.996140 112.048004
v -16.443157 163.616577 116.753059
v -11.402196 169.804718 116.157890
v -10.707281 165.717789 120.068321
v -6.320826 167.658997 117.591621
v -6.278249 162.942551 122.274376
v -4.422135 163.662704 117.760994
v -3.248315 158.752884 119.765999
v -13.493010 105.266273 49.530716
v -10.842710 112.885002 45.128590
v -14.090493 123.280029 48.593613
v -15.781792 137.172226 55.406368
v -14.427269 150.283691 66.977379
v -13.815527 164.063614 75.838799
v -13.360955 167.368576 83.644943
v -26.309542 0.000024 97.478889
v -29.118933 0.000031 94.773972
v -23.220203 0.000024 96.765732
v -12.597874 0.000027 93.246292
v -33.206970 0.000030 92.771629
v -12.267197 0.000026 89.156242
v -33.457375 0.000029 89.156265
v -12.939785 0.000026 84.900627
v -32.793430 0.000030 84.900642
v -14.948913 0.000024 76.439957
v -30.897156 0.000028 76.439972
v -22.917013 0.000022 74.403641
v -31.282839 2.498226 73.630409
v -22.917019 2.397124 71.780983
v 18.684208 100.051147 119.960052
v 22.038792 87.114204 117.481613
v 14.932423 87.114204 122.508118
v 16.894173 72.445755 114.837608
v 9.882304 71.729416 119.416977
v 14.396090 63.713390 108.854523
v 7.566759 60.644264 111.226509
v -21.820499 105.149719 59.382309
v -23.581966 109.338181 60.742039
v -22.419733 117.850479 54.730927
v -29.738577 126.808495 70.796822
v -26.483318 132.114212 62.320999
v -26.023745 142.283813 78.348854
v -23.875851 146.150757 73.228851
v -26.826271 154.337738 82.585403
v -23.475559 159.485779 78.937050
v -24.955458 158.914001 87.887085
v -21.851946 164.038681 85.440063
v -19.709747 163.127136 92.917725
v -22.330900 152.170776 96.085060
v -24.658861 148.873428 92.936859
v -25.686594 152.393234 96.873238
v -27.733585 148.746002 91.627220
v -26.806583 151.533524 101.821037
v -31.052849 142.671982 101.442680
v -25.884247 150.830261 107.938293
v -23.645464 146.398666 109.066719
v -21.527494 150.927322 112.192444
v -20.141970 145.242569 108.783516
v -18.376589 149.710266 111.908630
v -17.622011 148.823715 107.596375
v -14.040554 156.173721 109.097816
v 12.415120 -0.000003 -33.917019
v 19.732021 0.000002 -31.429188
v 5.098220 0.000004 -31.429190
v 21.187269 -0.000010 -25.081167
v 3.587252 -0.000012 -25.081171
v 21.775862 -0.000014 -20.174459
v 2.991012 -0.000015 -20.174463
v 21.553896 -0.000016 -17.176571
v 3.284159 -0.000019 -16.324053
v 17.929886 -0.000018 -15.377841
v 12.700726 -0.000020 -13.540689
v 15.439398 -0.000020 -12.796542
v 18.741383 50.683468 64.556946
v 10.311260 46.038078 64.556938
v -0.000002 44.210842 64.556938
v -9.218855 48.871223 83.122063
v 25.035830 55.168171 -22.139343
v 22.022648 47.008984 -21.732080
v -14.371638 94.536606 -8.976253
v -17.377050 90.465439 -4.292964
v -17.849968 83.540855 0.418986
v -14.758167 95.847137 6.021858
v -18.160858 84.155792 6.021858
v -17.209415 97.092659 20.124668
v -21.699112 84.776321 20.124668
v -32.566978 56.680698 64.157455
v -12.320561 35.748959 78.043396
v -11.861113 46.864357 62.468838
v -12.599550 35.748951 63.180149
v -15.439405 -0.000003 -12.796536
v -17.929892 -0.000010 -15.377836
v -12.700731 -0.000011 -13.540683
v -3.284164 -0.000010 -16.324039
v -21.553900 -0.000017 -17.176565
v -2.991016 -0.000007 -20.174450
v -21.775867 -0.000015 -20.174454
v -3.587256 -0.000004 -25.081158
v -21.187273 -0.000012 -25.081160
v -5.098223 -0.000004 -31.429180
v -19.732029 -0.000009 -31.429182
v -12.415122 -0.000001 -33.917007
v -4.779055 164.789932 115.646820
v -5.637491 168.015671 116.712662
v -6.154514 167.951248 116.302979
v -8.134868 170.288879 116.128807
v -8.016538 170.757248 116.493622
v -11.431335 171.687988 114.473656
v -7.815313 170.759964 115.922829
v -8.134868 170.288879 116.128807
v -5.581827 168.166550 116.129158
v -6.154514 167.951248 116.302979
v 17.622036 148.823715 107.596367
v 18.376614 149.710266 111.908615
v 14.040583 156.173721 109.097824
v 17.532589 155.772156 112.913025
v 21.527519 150.927322 112.192444
v 21.315399 158.014084 113.486244
v 23.711729 160.588257 109.778595
v 19.770311 169.521057 106.000748
v 19.652130 166.884720 100.234581
v 17.377050 90.465439 -4.292966
v 21.844259 91.039291 -11.854212
v 18.033432 67.821350 6.021855
v 7.121635 57.012119 6.021855
v 6.406221 57.299156 -3.290612
v 0.000000 56.132969 -3.704187
v 6.453499 59.281185 -22.758238
v -0.000001 58.048840 -23.059658
v -0.000001 67.049774 -37.367470
v -6.453502 59.281189 -22.758238
v -6.368323 68.138878 -36.845886
v -0.100286 66.526497 -23.615072
v -1.972060 78.620956 -42.276180
v 23.181747 155.640717 89.990883
v 24.316071 151.241409 89.049080
v 27.283306 138.829346 83.071259
v 30.717251 124.005272 78.533569
v 29.391483 117.481384 73.342636
v 27.747623 107.767471 66.844147
v 4.744306 1.862608 -33.622337
v 5.420567 7.717492 -36.338825
v 12.415121 1.862609 -36.106979
v 12.415120 7.132751 -38.723099
v 17.957191 17.741243 -40.184937
v 7.733932 38.072956 -42.746788
v 7.733929 35.827457 -44.009819
v 8.070022 32.400845 -47.048813
v 8.070021 30.476938 -47.344955
v 22.863766 16.122614 80.685211
v 22.919994 12.340901 84.736816
v 31.334562 15.890288 77.292046
v 32.210159 9.735340 82.131271
v 31.282846 8.279048 70.967804
v 22.917025 2.397100 71.780914
v 0.000010 122.623337 105.735771
v -7.159251 127.522057 105.209267
v -13.454772 127.651886 107.193527
v -18.849588 125.756004 104.031113
v -20.185431 126.116226 99.710609
v -21.837214 124.420303 100.501968
v -24.170412 133.635864 97.606773
v -18.696787 145.595703 105.674995
v -22.587172 140.731049 100.540718
v -24.819365 140.731049 103.561165
v -27.186573 133.635864 100.339745
v -26.296181 141.276581 101.792534
v -30.666195 134.717865 96.072029
v -35.808060 135.447113 94.397736
v -31.818352 137.735214 82.082710
v -12.415182 13.374398 -26.040634
v -12.415194 10.805534 -23.815809
v -20.705458 11.265018 -28.947794
v -21.011379 8.390781 -26.898121
v -22.129921 3.437679 -25.081160
v -20.085934 1.862603 -33.622330
v -21.187273 -0.000012 -25.081160
v -19.732029 -0.000009 -31.429182
v -27.747618 107.767471 66.844154
v -29.391468 117.481407 73.342644
v -30.717236 124.005295 78.533569
v -27.283285 138.829346 83.071251
v -24.316046 151.241409 89.049080
v -23.181725 155.640717 89.990883
v -26.770189 66.520386 -23.059664
v 2.969773 120.383072 125.666817
v 0.000009 119.179596 126.288139
v 4.262328 119.209686 127.914253
v 0.000009 118.963234 129.090363
v 0.000008 121.579300 129.866333
v -4.262311 119.209686 127.914261
v -5.107736 121.821693 128.453705
v -5.869270 119.994987 125.700737
v -6.809861 122.453323 125.321617
v -8.496701 126.054565 120.836060
v 18.741383 50.683468 64.556946
v 23.555292 69.153938 64.556938
v 23.563700 85.834976 59.824776
v 23.517830 100.929436 61.234795
v 21.820507 105.149712 59.382309
v 7.762722 82.571442 -139.459976
v 7.762723 91.018982 -139.459976
v 4.888140 90.563957 -149.243332
v 1.972056 78.620956 -42.276180
v 7.616913 88.683723 -42.034451
v 7.616914 92.714424 -37.472004
v 0.894441 66.413666 -6.763587
v 2.339782 53.207081 -22.041475
v 3.222122 53.053844 -6.888080
v 3.448561 48.155754 -9.272626
v 3.772886 47.008991 -21.732088
v 4.519273 40.820999 -15.670584
v 6.720874 48.044300 -36.841648
v 5.500756 34.538902 -29.424456
v 7.733932 38.072956 -42.746788
v 7.733929 35.827457 -44.009819
v -0.000003 90.583572 -76.565712
v 4.153193 86.560432 -59.993187
v 3.507371 86.547562 -76.565720
v -0.000003 82.527672 -76.565712
v -0.000003 81.469742 -59.993187
v -4.153198 86.560432 -59.993183
v -5.028033 86.600258 -44.043045
v -0.000003 91.342751 -59.993187
v -0.000002 92.391571 -44.043049
v 5.028031 86.600258 -44.043049
v 31.569458 108.561142 83.315277
v 29.354750 110.858658 84.235298
v 32.144291 100.051147 92.033066
v 33.373943 110.480835 83.052467
v 37.548599 122.510101 94.717392
v 30.666218 134.717865 96.072021
v 0.000002 59.342655 109.938881
v -13.631663 9.735364 82.131332
v -13.873281 15.890304 77.292091
v -22.919968 12.340929 84.736877
v -22.863747 16.122622 80.685242
v -31.334545 15.890309 77.292114
v -31.167004 14.494681 67.114433
v -0.000002 80.116547 -44.043049
v -3.507377 86.547562 -76.565712
v -7.733932 35.827442 -44.009815
v -7.733931 38.072937 -42.746780
v -5.500755 34.538891 -29.424452
v -6.720872 48.044285 -36.841644
v -4.519271 40.820984 -15.670581
v -3.772885 47.008972 -21.732082
v -3.448558 48.155735 -9.272619
v -2.339779 53.207077 -22.041477
v -3.222121 53.053841 -6.888081
v -0.894438 66.413666 -6.763587
v -19.329988 34.538883 -30.281166
v -17.090677 38.072968 -42.746788
v -12.412489 48.772835 -40.011890
v -6.720872 48.044285 -36.841644
v -18.037176 74.861740 -0.790254
v -19.044340 75.562378 6.021857
v -22.765318 75.099724 20.124668
v -21.820499 105.149719 59.382309
v -23.517822 100.929436 61.234802
v -23.563702 85.834976 59.824795
v -23.555288 69.153938 64.556938
v -18.741386 50.683472 64.556946
v -22.815880 159.185394 98.170845
v -19.652102 166.884720 100.234596
v -19.315716 168.332199 105.909752
v -11.819358 170.511993 99.921814
v -11.050818 171.715881 109.310181
v -6.152359 167.304810 100.060188
v -6.574606 169.510956 111.614746
v -5.574211 167.301041 110.936905
v -1.946995 155.449432 121.990517
v -6.278249 162.942551 122.274376
v -6.954963 159.835464 119.321686
v -10.091262 161.910263 117.760391
v -9.232886 159.333359 110.365555
v -13.843078 160.603683 115.674187
v -14.040554 156.173721 109.097816
v -17.532564 155.772156 112.913025
v -18.376589 149.710266 111.908630
v -21.527494 150.927322 112.192444
v 29.118973 0.000005 94.773903
v 26.309587 0.000004 97.478828
v 23.220249 3.877877 99.061676
v 19.767925 3.877876 100.779396
v 16.819273 8.768935 96.640152
v 14.563233 2.498202 73.630341
v 12.939815 0.000003 84.900581
v 11.984965 3.877879 84.900581
v 12.267232 0.000009 89.156197
v 12.597919 0.000007 93.246246
v -12.597874 0.000027 93.246292
v -12.267197 0.000026 89.156242
v -11.984934 3.877901 84.900627
v -12.939785 0.000026 84.900627
v -14.563217 2.498223 73.630394
v -7.124249 -0.000011 -14.135068
v -9.746830 -0.000004 -11.860044
v -12.700732 3.437685 -11.505301
v -15.626791 3.437685 -10.741522
v -17.979460 6.984936 -14.432137
v 17.979454 6.984930 -14.432141
v 15.626781 3.437669 -10.741527
v 12.700726 3.437669 -11.505308
v 9.746824 -0.000021 -11.860053
v 7.124244 -0.000019 -14.135076
v -16.819229 8.768951 96.640198
v -19.767874 3.877900 100.779442
v -23.220198 3.877899 99.061722
v -26.309542 0.000024 97.478889
v -29.118933 0.000031 94.773972
v -4.779059 164.789932 115.646820
v -5.669610 169.160339 116.631340
v -5.049407 169.319336 116.170280
v -4.389094 172.627426 116.097397
v -4.896768 173.031586 116.546120
v -1.853586 176.001678 114.824158
v -4.225823 172.757950 116.858208
v -4.389094 172.627426 116.097397
v -5.049407 169.319336 116.170280
v 5.098220 0.000004 -31.429190
v 3.587252 -0.000012 -25.081171
v 4.744306 1.862608 -33.622337
v 2.740792 3.437679 -25.081171
v 2.991012 -0.000015 -20.174463
v 3.284159 -0.000019 -16.324053
v 0.000013 154.076508 124.501945
v 1.947024 155.449432 121.990524
v 0.000014 157.774948 123.476547
v 3.248343 158.752884 119.765999
v 4.909598 158.006439 116.147461
v 4.774606 161.083527 119.483894
v 7.244822 162.517700 118.569664
v 6.797622 167.177460 121.584839
v 11.454177 166.904144 119.739365
v 15.007372 64.312912 103.679466
v 17.627201 72.489014 106.332451
v 6.831176 131.595779 132.233185
v 0.000012 131.595779 132.989944
v 4.682644 132.659409 129.736374
v 0.000011 134.539108 118.005547
v -4.682619 132.659409 129.736359
v -6.439987 134.712082 116.842720
v -7.877331 132.754089 129.143646
v -7.432922 129.811478 125.308807
v -8.956881 128.166245 129.516052
v 21.940397 58.547638 34.992897
v 11.611923 50.081322 34.992897
v 10.274208 54.730515 20.124668
v -0.000003 52.927635 20.124666
v -0.000003 55.707054 6.021856
v -10.274214 54.730515 20.124668
v -7.121643 57.012119 6.021856
v -21.506548 65.911415 20.124668
v -18.033436 67.821350 6.021857
v -0.000006 81.439110 -146.419891
v 3.645585 83.663567 -147.365021
v 5.919537 85.751335 -151.118576
v 3.645585 83.663567 -147.365021
v 30.897175 -0.000001 76.439888
v 31.282852 2.498199 73.630325
v 32.793461 0.000002 84.900566
v 33.856800 3.877878 84.900566
v 33.457413 0.000009 89.156181
v 33.207016 0.000008 92.771553
v 11.861111 46.864346 62.468819
v 12.235200 51.098179 61.188927
v 12.603509 56.680706 64.157417
v 11.720668 65.156227 67.741776
v -30.897156 0.000028 76.439972
v -32.793430 0.000030 84.900642
v -31.282839 2.498226 73.630409
v -33.856770 3.877904 84.900650
v -33.457375 0.000029 89.156265
v -33.206970 0.000030 92.771629
v -5.098223 -0.000004 -31.429180
v -4.744306 1.862607 -33.622326
v -3.587256 -0.000004 -25.081158
v -2.740793 3.437687 -25.081154
v -2.991016 -0.000007 -20.174450
v -3.284164 -0.000010 -16.324039
v -6.574606 169.510956 111.614746
v -11.050818 171.715881 109.310181
v 4.865232 177.331573 110.515640
v -1.966614 174.807175 111.742271
v -5.076434 170.265686 112.150192
v -3.529448 167.562714 120.734749
v -4.422135 163.662704 117.760994
v 8.070022 32.400845 -47.048813
v 8.070021 30.476938 -47.344955
v 5.500754 28.291286 -31.849817
v 6.867404 17.741224 -40.184929
v 5.451101 18.855921 -31.765163
v 5.420567 7.717492 -36.338825
v 4.119607 11.265028 -28.947798
v 33.915180 75.392899 68.012024
v 20.185450 126.116226 99.710602
v 21.837233 124.420303 100.501961
v 5.846415 127.928764 132.583054
v 6.831176 131.595779 132.233185
v 8.956903 128.166245 129.516052
v 7.877355 132.754089 129.143631
v 7.432944 129.811478 125.308823
v 6.440011 134.712082 116.842720
v 8.496718 126.054581 120.836052
v 6.970050 122.601883 114.117706
v 6.809878 122.453323 125.321609
v 8.496718 126.054581 120.836052
v 5.869289 119.994980 125.700729
v 6.970050 122.601883 114.117706
v 2.969773 120.383072 125.666817
v 0.000009 124.433617 122.179863
v 0.000009 119.179596 126.288139
v -2.969755 120.383072 125.666817
v 21.506544 65.911415 20.124668
v 18.033432 67.821350 6.021855
v 16.426786 66.573120 -1.923525
v 22.330923 152.170776 96.085068
v 24.658884 148.873428 92.936859
v 27.733608 148.746002 91.627220
v 23.780903 147.784454 90.259789
v 31.818373 137.735214 82.082703
v 27.283306 138.829346 83.071259
v 18.007998 73.805489 -0.006436
v 18.037180 74.861740 -0.790256
v 0.100284 66.526489 -23.615072
v 1.668937 66.598061 -32.784195
v 4.587593 57.854553 -35.201805
v 2.859077 66.633652 -37.343929
v 17.474621 14.499949 66.072914
v 18.289700 11.889283 68.332420
v -27.186573 133.635864 100.339745
v -5.420572 7.717474 -36.338825
v -4.119615 11.265004 -28.947794
v -5.451108 18.855900 -31.765158
v -6.867410 17.741201 -40.184925
v -5.500759 28.291271 -31.849813
v -8.070026 30.476910 -47.344944
v -8.070027 32.400826 -47.048813
v -22.575987 53.053837 -6.888043
v -18.007994 73.805481 -0.006434
v -18.037176 74.861740 -0.790254
v -0.100286 66.526497 -23.615072
v -1.668939 66.598061 -32.784199
v -4.587594 57.854549 -35.201809
v -2.859077 66.633652 -37.343929
v -3.645598 83.663567 -147.365021
v -5.919548 85.751335 -151.118576
v -3.645598 83.663567 -147.365021
v -16.426783 66.573120 -1.923523
v -18.033436 67.821350 6.021857
v -21.506548 65.911415 20.124668
v -12.415109 32.788792 -49.781410
v -12.415113 30.454683 -50.120056
v -8.070026 30.476910 -47.344944
v -6.867410 17.741201 -40.184925
v 12.415186 10.805542 -23.815815
v 12.700324 9.829233 -19.912674
v 20.085932 1.862606 -33.622337
v 12.415120 -0.000003 -33.917019
v 5.098220 0.000004 -31.429190
v 14.240444 8.279047 70.286469
v 22.919994 12.340901 84.736816
v 23.219778 11.087847 90.306519
v 35.808086 135.447113 94.397736
v 30.666218 134.717865 96.072021
v 0.000010 125.580338 109.362106
v 0.000010 127.409554 112.267776
v -6.970029 122.601875 114.117706
v -0.000003 48.086376 34.992893
v -11.611929 50.081322 34.992897
v -21.940397 58.547646 34.992897
v -0.000003 55.707054 6.021856
v -7.121643 57.012119 6.021856
v -6.406220 57.299156 -3.290611
v -18.033436 67.821350 6.021857
v -16.426783 66.573120 -1.923523
v 30.717251 124.005272 78.533569
v 34.589649 124.005272 78.253929
v 35.808086 135.447113 94.397736
v 18.037180 74.861740 -0.790256
v 0.100284 66.526489 -23.615072
v 6.368320 68.138878 -36.845890
v 1.972056 78.620956 -42.276180
v -0.000002 78.812073 -41.365582
v -32.210133 9.735369 82.131348
v -31.282841 12.099164 68.554283
v -14.240443 8.279055 70.286507
v -13.714580 14.494686 67.404472
v -14.046753 11.173200 71.820419
v -12.999104 10.194857 67.632660
v -14.240443 8.279055 70.286507
v -22.859867 11.895605 66.728996
v -26.639774 86.241516 99.510727
v -11.787391 86.241508 95.215866
v -20.303957 86.440254 80.367607
v -10.750313 75.362816 68.601868
v -10.748816 73.973358 95.856491
v -4.587594 57.854549 -35.201809
v -25.686594 152.393234 96.873238
v -22.815880 159.185394 98.170845
v -23.822910 156.112671 98.882759
v -21.484339 158.667297 99.364517
v -19.652102 166.884720 100.234596
v -21.739336 158.774002 93.555809
v -19.709747 163.127136 92.917725
v -30.717236 124.005295 78.533569
v -27.283285 138.829346 83.071251
v -6.970029 122.601875 114.117706
v 0.000010 125.580338 109.362106
v -22.919968 12.340929 84.736877
v -23.219736 11.087866 90.306572
v -12.415194 10.805534 -23.815809
v -12.700332 9.829238 -19.912664
v 16.720791 3.877882 98.183479
v 19.888107 0.000001 98.432922
v 23.220245 0.000002 96.765678
v -23.220203 0.000024 96.765732
v -19.888062 0.000025 98.432968
v -16.720739 3.877901 98.183525
v -12.700731 -0.000011 -13.540683
v -15.439405 -0.000003 -12.796536
v -18.121832 3.437679 -13.348141
v -21.553900 -0.000017 -17.176565
v -21.775867 -0.000015 -20.174454
v -22.129921 3.437679 -25.081160
v -21.187273 -0.000012 -25.081160
v 21.187269 -0.000010 -25.081167
v 22.129927 3.437680 -25.081165
v 21.775862 -0.000014 -20.174459
v 21.553896 -0.000016 -17.176571
v 18.121826 3.437671 -13.348145
v 15.439398 -0.000020 -12.796542
v 12.700726 -0.000020 -13.540689
v -4.942403 169.168289 116.937271
v 31.282846 8.279048 70.967804
v 0.613636 162.334610 123.660904
v 2.890388 165.323044 123.155579
v 21.739363 158.774002 93.555809
v 23.181747 155.640717 89.990883
v 9.232914 159.333359 110.365555
v 9.995588 162.035690 117.306541
v 16.422184 164.103027 116.721947
v 13.290262 160.603683 115.546860
v 16.422184 164.103027 116.721947
v 19.019468 168.044861 112.048004
v 26.639790 86.241508 99.510712
v 12.415186 10.805542 -23.815815
v 12.415177 13.374407 -26.040636
v 14.338212 24.759888 65.537399
v 12.599545 35.748943 63.180122
v -31.282839 8.279054 70.967865
v -19.379147 18.855913 -31.765142
v -12.415122 -0.000001 -33.917007
v -5.098223 -0.000004 -31.429180
v -1.972060 78.620956 -42.276180
v -2.859077 66.633652 -37.343929
v 20.115974 10.080796 -17.286369
v 20.390882 7.684904 -14.404852
v 17.979454 6.984930 -14.432141
v 4.749049 11.223661 -16.987392
v 4.533256 8.337611 -13.602668
v 7.026339 7.773540 -13.503677
v 14.250383 12.660850 92.497932
v 14.006960 9.405241 96.316093
v 16.819273 8.768935 96.640152
v 31.579554 11.507078 92.606323
v 31.889664 8.804410 95.856819
v 29.169479 8.014805 95.799316
v 11.861111 46.864346 62.468819
v 12.599545 35.748943 63.180122
v -8.070027 32.400826 -47.048813
v -8.070026 30.476910 -47.344944
v -31.579514 11.507098 92.606392
v -31.889620 8.804433 95.856888
v -16.819229 8.768951 96.640198
v -14.006912 9.405259 96.316139
v -14.250345 12.660865 92.497978
v -4.749057 11.223670 -16.987383
v -4.533263 8.337619 -13.602656
v -7.026347 7.773549 -13.503667
v -20.390892 7.684903 -14.404847
v -20.115984 10.080794 -17.286366
v 21.187269 -0.000010 -25.081167
v 19.732021 0.000002 -31.429188
v 9.746824 -0.000021 -11.860053
v 7.124244 -0.000019 -14.135076
v 5.147141 -0.000020 -14.136750
v 13.631689 9.735341 82.131279
v 14.699446 0.000007 95.713631
v 16.929714 0.000008 95.927895
v 19.888107 0.000001 98.432922
v 5.846415 127.928764 132.583054
v 0.000011 129.490601 134.679794
v -5.846393 127.928764 132.583069
v -6.831152 131.595779 132.233185
v 31.818373 137.735214 82.082703
v 27.283306 138.829346 83.071259
v 5.107754 121.821701 128.453705
v 30.170776 111.388603 75.005669
v 29.354750 110.858658 84.235298
v 21.506544 65.911415 20.124668
v 7.121635 57.012119 6.021855
v 16.426786 66.573120 -1.923525
v 0.000010 122.623337 105.735771
v 21.739363 158.774002 93.555809
v -0.000006 84.988686 -149.809677
v 3.645585 83.663567 -147.365021
v -0.000007 81.467293 -158.570312
v -0.000006 81.439110 -146.419891
v -3.645598 83.663567 -147.365021
v 20.830467 70.526787 81.705307
v 20.303967 86.440239 80.367584
v 26.639790 86.241508 99.510712
v 1.972056 78.620956 -42.276180
v 4.865232 177.331573 110.515640
v -11.819358 170.511993 99.921814
v -6.152359 167.304810 100.060188
v -12.815969 170.075653 91.312035
v 0.000014 168.407410 91.372284
v 0.000013 168.556137 83.193489
v -6.152359 167.304810 100.060188
v -5.574211 167.301041 110.936905
v -23.780876 147.784454 90.259789
v -1.972060 78.620956 -42.276180
v -26.639774 86.241516 99.510727
v -20.303957 86.440254 80.367607
v -20.830467 70.526794 81.705307
v -18.037176 74.861740 -0.790254
v -2.490721 86.546867 -127.480782
v -29.354736 110.858673 84.235306
v -30.170765 111.388611 75.005676
v -21.940397 58.547646 34.992897
v -11.611929 50.081322 34.992897
v -21.066528 52.795132 49.530712
v -23.181725 155.640717 89.990883
v -21.739336 158.774002 93.555809
v -13.360955 167.368576 83.644943
v -21.851946 164.038681 85.440063
v -19.888062 0.000025 98.432968
v -16.929667 0.000025 95.927956
v -14.699397 0.000026 95.713676
v -5.147144 -0.000011 -14.136739
v -7.124249 -0.000011 -14.135068
v -9.746830 -0.000004 -11.860044
v 17.979454 6.984930 -14.432141
v 20.390882 7.684904 -14.404852
v 31.889664 8.804410 95.856819
v 29.169479 8.014805 95.799316
v -26.639774 86.241516 99.510727
v -16.819229 8.768951 96.640198
v -14.006912 9.405259 96.316139
v -4.533263 8.337619 -13.602656
v -7.026347 7.773549 -13.503667
v 7.026339 7.773540 -13.503677
v 4.533256 8.337611 -13.602668
v 14.006960 9.405241 96.316093
v 16.819273 8.768935 96.640152
v -29.169428 8.014829 95.799370
v -31.889620 8.804433 95.856888
v -20.390892 7.684903 -14.404847
v -17.979460 6.984936 -14.432137
v 1.972056 78.620956 -42.276180
v 14.338214 19.122623 66.421539
v 18.696812 145.595703 105.674995
v -10.142456 118.140312 112.205620
v -1.972060 78.620956 -42.276180
v -1.972060 78.620956 -42.276180
v -2.969755 120.383072 125.666817
v -6.970029 122.601875 114.117706
v -8.496701 126.054565 120.836060
v -6.831152 131.595779 132.233185
v -5.846393 127.928764 132.583069
v -4.909571 158.006439 116.147453
v -11.861113 46.864357 62.468838
v 19.914671 -0.000018 -15.186943
v 31.357908 0.000006 95.015953
v -4.422135 163.662704 117.760994
v 13.290262 160.603683 115.546860
v 9.995588 162.035690 117.306541
v 9.232914 159.333359 110.365555
v 6.970050 122.601883 114.117706
v 18.033432 67.821350 6.021855
v 27.747623 107.767471 66.844147
v 1.972056 78.620956 -42.276180
v 3.813693 8.390796 -26.898130
v 26.639790 86.241508 99.510712
v 31.282852 2.498199 73.630325
v 23.780903 147.784454 90.259789
v 30.170776 111.388603 75.005669
v -23.780876 147.784454 90.259789
v -27.283285 138.829346 83.071251
v -23.563702 85.834976 59.824795
v -3.813697 8.390785 -26.898119
v -27.747618 107.767471 66.844154
v -23.822910 156.112671 98.882759
v -24.170412 133.635864 97.606773
v -31.357861 0.000030 95.016029
v -19.914679 -0.000018 -15.186939
v -5.574211 167.301041 110.936905
v -1.946995 155.449432 121.990517
v 17.929886 -0.000018 -15.377841
v -29.169428 8.014829 95.799370
v -16.929667 0.000025 95.927956
v -17.979460 6.984936 -14.432137
v -5.574211 167.301041 110.936905
v 16.929714 0.000008 95.927895
v 26.639790 86.241508 99.510712
v -17.929892 -0.000010 -15.377836
vt 0.648193 0.624023
vt 0.695313 0.638183
vt 0.658936 0.719482
vt 0.701660 0.713134
vt 0.667236 0.812743
vt 0.708740 0.794189
vt 0.675781 0.897704
vt 0.717285 0.875732
vt 0.682861 0.941650
vt 0.726318 0.947997
vt 0.733643 1.000488
vt 0.768555 0.925048
vt 0.775879 0.972656
vt 0.811035 0.902343
vt 0.815918 0.947509
vt 0.865479 0.880615
vt 0.869141 0.929931
vt 0.927490 0.897949
vt 0.916748 0.852294
vt 0.876953 0.849853
vt 0.897217 0.752441
vt 0.860840 0.765624
vt 0.895996 0.660400
vt 0.846680 0.653320
vt 0.853271 0.572509
vt 0.819824 0.611327
vt 0.822021 0.569579
vt 0.774170 0.542480
vt 0.833496 0.495849
vt 0.788086 0.468505
vt 0.839111 0.463134
vt 0.799316 0.423583
vt 0.856445 0.399413
vt 0.817139 0.377197
vt 0.884033 0.331786
vt 0.858398 0.321044
vt 0.890625 0.279052
vt 0.865234 0.276122
vt 0.892334 0.234618
vt 0.869385 0.225341
vt 0.869873 0.179687
vt 0.109375 0.918945
vt 0.108887 0.847656
vt 0.121826 0.917968
vt 0.131592 0.844726
vt 0.114990 0.772216
vt 0.132813 0.762695
vt 0.094727 0.698241
vt 0.148438 0.684325
vt 0.106689 0.597167
vt 0.132324 0.580322
vt 0.103027 0.491699
vt 0.143066 0.404784
vt 0.094727 0.412597
vt 0.103271 0.331054
vt 0.064697 0.402587
vt 0.077881 0.297363
vt 0.038818 0.380859
vt 0.042236 0.267089
vt 0.020996 0.369140
vt 0.031494 0.459472
vt 0.056641 0.470947
vt 0.069580 0.454345
vt 0.080322 0.504638
vt 0.166504 0.675781
vt 0.197754 0.736816
vt 0.200928 0.714843
vt 0.229980 0.733398
vt 0.205566 0.427978
vt 0.176025 0.483642
vt 0.223633 0.445312
vt 0.223877 0.505126
vt 0.286865 0.501708
vt 0.273438 0.549804
vt 0.326904 0.556396
vt 0.318115 0.598388
vt 0.358154 0.606200
vt 0.352295 0.648925
vt 0.378662 0.636230
vt 0.373535 0.671874
vt 0.396484 0.676025
vt 0.393555 0.736572
vt 0.423096 0.693603
vt 0.421143 0.759765
vt 0.444580 0.705566
vt 0.451172 0.769286
vt 0.465576 0.707031
vt 0.472656 0.762939
vt 0.497070 0.735839
vt 0.486328 0.794189
vt 0.508301 0.760986
vt 0.503418 0.817626
vt 0.521240 0.777099
vt 0.522217 0.820068
vt 0.533203 0.783691
vt 0.547852 0.810302
vt 0.547119 0.780761
vt 0.555420 0.791259
vt 0.557129 0.771240
vt 0.746826 0.722167
vt 0.753418 0.779540
vt 0.790039 0.712157
vt 0.798340 0.767333
vt 0.809814 0.707031
vt 0.819580 0.760741
vt 0.896484 0.589843
vt 0.934082 0.595458
vt 0.932861 0.535888
vt 0.961182 0.541503
vt 0.938965 0.454101
vt 0.960449 0.460693
vt 0.947998 0.384277
vt 0.968506 0.392089
vt 0.957764 0.349609
vt 0.974121 0.356689
vt 0.964355 0.325927
vt 0.979248 0.326659
vt 0.964844 0.315429
vt 0.981689 0.314941
vt 0.974365 0.233398
vt 0.996338 0.308837
vt 0.996338 0.223144
vt 0.443848 0.076415
vt 0.455322 0.057861
vt 0.445801 0.051513
vt 0.450928 0.027587
vt 0.460449 0.040771
vt 0.475830 0.044921
vt 0.473389 0.074462
vt 0.499023 0.075683
vt 0.470703 0.095458
vt 0.496582 0.096435
vt 0.494629 0.119384
vt 0.527832 0.110839
vt 0.494385 0.157226
vt 0.526123 0.169921
vt 0.525635 0.238036
vt 0.555420 0.238769
vt 0.520508 0.296874
vt 0.554932 0.299316
vt 0.519043 0.337157
vt 0.554688 0.334228
vt 0.522949 0.411620
vt 0.553955 0.414550
vt 0.553467 0.488769
vt 0.588379 0.485839
vt 0.588867 0.562255
vt 0.632324 0.468993
vt 0.616211 0.572753
vt 0.680176 0.528564
vt 0.620850 0.144531
vt 0.621582 0.176513
vt 0.585693 0.112548
vt 0.585205 0.171874
vt 0.556641 0.111572
vt 0.555908 0.180663
vt 0.472656 0.272460
vt 0.465576 0.294433
vt 0.443115 0.263427
vt 0.437988 0.302001
vt 0.409180 0.282714
vt 0.430176 0.324950
vt 0.399902 0.314941
vt 0.425781 0.363036
vt 0.384033 0.358642
vt 0.420654 0.387450
vt 0.370117 0.411865
vt 0.406250 0.441894
vt 0.394775 0.504882
vt 0.421631 0.516113
vt 0.387695 0.602538
vt 0.417236 0.610839
vt 0.405518 0.647460
vt 0.432617 0.683105
vt 0.012695 0.166015
vt 0.022217 0.197509
vt 0.027832 0.134765
vt 0.033447 0.180907
vt 0.044678 0.185058
vt 0.040283 0.227050
vt 0.001709 0.133544
vt 0.009033 0.114745
vt 0.028076 0.096191
vt 0.001465 0.094482
vt 0.014404 0.060790
vt 0.031738 0.027343
vt 0.040039 0.048583
vt 0.053467 0.003417
vt 0.051025 0.038085
vt 0.985107 0.785156
vt 0.999268 0.746581
vt 0.995361 0.734863
vt 0.975098 0.783202
vt 0.985352 0.826171
vt 0.967529 0.833495
vt 0.951904 0.800292
vt 0.966309 0.749511
vt 0.932861 0.745605
vt 0.970459 0.681152
vt 0.937744 0.673339
vt 0.966553 0.599853
vt 0.897217 0.519286
vt 0.897461 0.465820
vt 0.864502 0.472656
vt 0.881592 0.425048
vt 0.091553 0.885741
vt 0.084229 0.774902
vt 0.059814 0.820800
vt 0.033936 0.713378
vt 0.019775 0.737060
vt 0.018066 0.635009
vt 0.001221 0.638183
vt 0.001709 0.532470
vt 0.032959 0.541991
vt 0.048096 0.629150
vt 0.058105 0.533935
vt 0.073730 0.623046
vt 0.189941 0.754882
vt 0.152832 0.836669
vt 0.204346 0.839599
vt 0.156250 0.916503
vt 0.197021 0.927734
vt 0.465820 0.676757
vt 0.506592 0.640624
vt 0.457275 0.627197
vt 0.516602 0.559570
vt 0.471191 0.545409
vt 0.523682 0.485351
vt 0.482422 0.478515
vt 0.458984 0.395019
vt 0.469727 0.335937
vt 0.482178 0.220702
vt 0.453125 0.214355
vt 0.465332 0.156249
vt 0.467773 0.119872
vt 0.437256 0.135986
vt 0.441895 0.104003
vt 0.766357 0.121581
vt 0.763916 0.141601
vt 0.781982 0.128906
vt 0.779785 0.149169
vt 0.777588 0.167236
vt 0.791260 0.173827
vt 0.793457 0.155517
vt 0.795898 0.135497
vt 0.806152 0.161620
vt 0.810791 0.142577
vt 0.833252 0.135253
vt 0.814453 0.130126
vt 0.820557 0.116943
vt 0.809082 0.110839
vt 0.817383 0.085204
vt 0.804932 0.088622
vt 0.807617 0.073241
vt 0.800293 0.061523
vt 0.811768 0.046874
vt 0.794189 0.051757
vt 0.806396 0.033935
vt 0.368408 0.073486
vt 0.353516 0.055907
vt 0.364502 0.083984
vt 0.352539 0.071288
vt 0.350342 0.092040
vt 0.339844 0.092773
vt 0.346436 0.114990
vt 0.330811 0.112792
vt 0.332031 0.132568
vt 0.323730 0.127441
vt 0.331787 0.173339
vt 0.316162 0.125243
vt 0.304688 0.124999
vt 0.312988 0.096435
vt 0.301758 0.102050
vt 0.298340 0.070068
vt 0.291504 0.106933
vt 0.287842 0.072753
vt 0.294189 0.036132
vt 0.309326 0.064208
vt 0.304688 0.029540
vt 0.073486 0.916747
vt 0.055176 0.936523
vt 0.061768 0.873534
vt 0.037109 0.879638
vt 0.031982 0.833007
vt 0.011230 0.836913
vt 0.004395 0.739745
vt 0.061523 0.697753
vt 0.138672 0.916991
vt 0.137451 0.584228
vt 0.178711 0.548095
vt 0.165283 0.612792
vt 0.212402 0.572997
vt 0.192627 0.645263
vt 0.255859 0.615234
vt 0.234375 0.693847
vt 0.300049 0.666747
vt 0.281006 0.743896
vt 0.342285 0.712402
vt 0.326660 0.787597
vt 0.366455 0.726806
vt 0.358154 0.803710
vt 0.384766 0.812499
vt 0.417480 0.799316
vt 0.410889 0.840820
vt 0.444580 0.860107
vt 0.437012 0.892089
vt 0.913086 0.127441
vt 0.944092 0.176513
vt 0.919189 0.160644
vt 0.920410 0.195068
vt 0.920654 0.237304
vt 0.919678 0.296874
vt 0.913330 0.361327
vt 0.859375 0.497070
vt 0.760254 0.855468
vt 0.804932 0.842529
vt 0.853271 0.830322
vt 0.999268 0.602294
vt 0.986816 0.542724
vt 0.979980 0.466064
vt 0.614014 0.076659
vt 0.608643 0.092529
vt 0.621338 0.091308
vt 0.620605 0.117675
vt 0.585938 0.091552
vt 0.584229 0.239745
vt 0.586914 0.304199
vt 0.587891 0.340575
vt 0.588379 0.412841
vt 0.014648 1.000488
vt 0.014404 0.979491
vt 0.044434 0.999511
vt 0.033936 0.931396
vt 0.011719 0.882079
vt 0.048828 0.137939
vt 0.049316 0.089599
vt 0.075195 0.059814
vt 0.073242 0.028075
vt 0.093994 0.041503
vt 0.093018 0.022216
vt 0.119873 0.028808
vt 0.104248 0.059814
vt 0.093018 0.084472
vt 0.637939 0.315185
vt 0.636475 0.349609
vt 0.439697 0.458495
vt 0.505371 0.021240
vt 0.501221 0.054687
vt 0.480469 0.013915
vt 0.459717 0.065673
vt 0.455078 0.084228
vt 0.709961 0.006347
vt 0.697754 0.005370
vt 0.712402 0.045409
vt 0.702637 0.055419
vt 0.718018 0.097167
vt 0.695557 0.054443
vt 0.708252 0.106933
vt 0.680420 0.063964
vt 0.695557 0.129882
vt 0.674561 0.125243
vt 0.676025 0.187743
vt 0.656738 0.127929
vt 0.657715 0.177001
vt 0.651855 0.156005
vt 0.649414 0.177245
vt 0.988770 0.400634
vt 0.988770 0.369872
vt 0.951904 0.236083
vt 0.968506 0.166747
vt 0.967773 0.130859
vt 0.993164 0.160156
vt 0.993408 0.122070
vt 0.544189 0.563720
vt 0.630859 0.407226
vt 0.423828 0.196777
vt 0.421875 0.039794
vt 0.412598 0.039794
vt 0.428223 0.059081
vt 0.380127 0.045409
vt 0.438477 0.075927
vt 0.376465 0.068115
vt 0.436768 0.096923
vt 0.375488 0.093261
vt 0.431885 0.120116
vt 0.373535 0.145507
vt 0.420898 0.168945
vt 0.396729 0.166503
vt 0.418457 0.193847
vt 0.393799 0.186523
vt 0.203613 0.107421
vt 0.171631 0.174316
vt 0.169678 0.071532
vt 0.142822 0.139892
vt 0.140381 0.031249
vt 0.114014 0.102294
vt 0.115234 0.208984
vt 0.138672 0.240234
vt 0.999023 0.968261
vt 0.950684 0.994872
vt 0.999023 0.999755
vt 0.950684 0.968261
vt 0.950684 0.944091
vt 0.902344 0.945800
vt 0.902344 0.968261
vt 0.902344 0.992187
vt 0.856689 0.988281
vt 0.849121 0.968261
vt 0.856445 0.949218
vt 0.999023 0.937255
vt 0.225098 0.765136
vt 0.242920 0.762206
vt 0.244385 0.824706
vt 0.263916 0.766845
vt 0.264404 0.828124
vt 0.281250 0.823486
vt 0.268555 0.885497
vt 0.288574 0.879638
vt 0.284424 0.931396
vt 0.302002 0.919677
vt 0.296387 0.956786
vt 0.318604 0.944091
vt 0.307617 0.974365
vt 0.326660 0.980712
vt 0.299805 0.584228
vt 0.646484 0.140136
vt 0.640869 0.112304
vt 0.645264 0.094970
vt 0.714600 0.140868
vt 0.724854 0.133300
vt 0.733887 0.112792
vt 0.744385 0.170654
vt 0.715332 0.638427
vt 0.691162 0.612304
vt 0.742920 0.629882
vt 0.689697 0.565917
vt 0.751709 0.586181
vt 0.690430 0.530761
vt 0.756592 0.552490
vt 0.693115 0.509765
vt 0.757813 0.524902
vt 0.706787 0.501220
vt 0.726318 0.494384
vt 0.717041 0.486083
vt 0.080566 0.172851
vt 0.836182 0.799316
vt 0.633301 0.292724
vt 0.625732 0.241454
vt 0.641357 0.306640
vt 0.662842 0.302734
vt 0.662842 0.295654
vt 0.684082 0.295654
vt 0.684082 0.302978
vt 0.708496 0.307372
vt 0.684082 0.310302
vt 0.684082 0.317626
vt 0.662842 0.310058
vt 0.662842 0.317626
vt 0.726318 0.171630
vt 0.713135 0.186523
vt 0.696289 0.191161
vt 0.679688 0.241210
vt 0.658203 0.229491
vt 0.281738 0.345702
vt 0.319336 0.295898
vt 0.304932 0.249511
vt 0.319580 0.225097
vt 0.270508 0.158202
vt 0.285400 0.134277
vt 0.252197 0.061034
vt 0.238037 0.085449
vt 0.242920 0.160400
vt 0.202637 0.068359
vt 0.379150 0.584228
vt 0.369141 0.565673
vt 0.333984 0.523193
vt 0.299072 0.466796
vt 0.265381 0.445800
vt 0.238525 0.411376
vt 0.991699 0.344238
vt 0.995117 0.335937
vt 0.556641 0.090575
vt 0.557129 0.019286
vt 0.528320 0.090331
vt 0.528809 0.003417
vt 0.010742 0.898681
vt 0.084229 0.900634
vt 0.083740 0.912597
vt 0.725342 0.084716
vt 0.680908 0.004394
vt 0.663330 0.003906
vt 0.622559 0.014892
vt 0.894531 0.195800
vt 0.897217 0.162597
vt 0.939941 0.128661
vt 0.916260 0.107665
vt 0.937256 0.113769
vt 0.922119 0.043212
vt 0.936768 0.036376
vt 0.923584 0.069335
vt 0.943359 0.058593
vt 0.947021 0.082763
vt 0.923340 0.095214
vt 0.910889 0.075927
vt 0.906738 0.098876
vt 0.882568 0.125976
vt 0.603271 0.628173
vt 0.615234 0.735351
vt 0.637695 0.824462
vt 0.639648 0.910888
vt 0.646484 0.934081
vt 0.998291 0.686034
vt 0.697754 0.365722
vt 0.756104 0.345947
vt 0.718506 0.298339
vt 0.731934 0.281249
vt 0.764893 0.313232
vt 0.759277 0.263671
vt 0.802979 0.362060
vt 0.803467 0.271972
vt 0.832520 0.328368
vt 0.839355 0.320556
vt 0.512451 0.974365
vt 0.561035 0.943115
vt 0.512451 0.943115
vt 0.512451 0.911865
vt 0.561035 0.903564
vt 0.607910 0.944335
vt 0.561035 0.979247
vt 0.607666 0.985107
vt 0.010986 0.440185
vt 0.582764 0.009032
vt 0.593750 0.905517
vt 0.226074 0.813964
vt 0.226563 0.866454
vt 0.247070 0.887206
vt 0.219238 0.925292
vt 0.250000 0.949462
vt 0.213135 0.966552
vt 0.250977 0.985107
vt 0.245605 0.997558
vt 0.352295 0.923095
vt 0.320068 0.935546
vt 0.326660 0.905517
vt 0.312744 0.892577
vt 0.325684 0.837890
vt 0.302734 0.865234
vt 0.312744 0.807616
vt 0.296143 0.816406
vt 0.293213 0.770507
vt 0.282715 0.778075
vt 0.301270 0.000732
vt 0.291260 0.012450
vt 0.283936 0.040038
vt 0.371094 0.165771
vt 0.353760 0.136718
vt 0.341309 0.142822
vt 0.358154 0.125243
vt 0.362793 0.101562
vt 0.753662 0.115478
vt 0.751221 0.135497
vt 0.761719 0.159667
vt 0.638184 0.265624
vt 0.665283 0.262450
vt 0.665283 0.253417
vt 0.687256 0.253417
vt 0.687256 0.262450
vt 0.712646 0.269531
vt 0.687256 0.272216
vt 0.687256 0.281982
vt 0.665283 0.281982
vt 0.857910 0.098876
vt 0.838135 0.084472
vt 0.858643 0.115722
vt 0.833008 0.103271
vt 0.825684 0.070068
vt 0.817139 0.059325
vt 0.550049 0.715820
vt 0.541504 0.704833
vt 0.539795 0.724609
vt 0.529297 0.704101
vt 0.525146 0.683349
vt 0.521240 0.708007
vt 0.512695 0.703857
vt 0.507324 0.734618
vt 0.496582 0.718749
vt 0.409180 0.951171
vt 0.407227 0.995116
vt 0.417969 0.964843
vt 0.456299 0.994384
vt 0.459717 0.952880
vt 0.419922 0.944335
vt 0.431885 0.924316
vt 0.417236 0.914550
vt 0.193359 0.428710
vt 0.227295 0.392822
vt 0.201660 0.317138
vt 0.226318 0.281249
vt 0.200439 0.214843
vt 0.183350 0.239745
vt 0.163818 0.362548
vt 0.145752 0.289550
vt 0.070801 0.178466
vt 0.074951 0.144286
vt 0.083496 0.122070
vt 0.082764 0.096923
vt 0.275635 0.972167
vt 0.261719 0.946288
vt 0.464355 0.814452
vt 0.480225 0.850097
vt 0.494141 0.869872
vt 0.514160 0.834228
vt 0.519287 0.861572
vt 0.852051 0.311523
vt 0.855713 0.302490
vt 0.818359 0.247314
vt 0.855713 0.216796
vt 0.831299 0.198486
vt 0.858887 0.153808
vt 0.834473 0.153075
vt 0.403564 0.918945
vt 0.408936 0.940673
vt 0.445313 0.897460
vt 0.467285 0.874755
vt 0.855957 0.079101
vt 0.911377 0.048827
vt 0.891357 0.009032
vt 0.920898 0.025878
vt 0.743164 0.668212
vt 0.783203 0.668456
vt 0.799805 0.643554
vt 0.633057 0.104247
vt 0.613770 0.035888
vt 0.647949 0.360839
vt 0.651611 0.438476
vt 0.739502 0.418212
vt 0.762939 0.445312
vt 0.783447 0.407714
vt 0.775146 0.458740
vt 0.816406 0.185790
vt 0.803955 0.179687
vt 0.966309 0.113769
vt 0.994141 0.105224
vt 0.364014 0.199950
vt 0.302490 0.158447
vt 0.294678 0.130859
vt 0.829346 0.016601
vt 0.843750 0.003417
vt 0.256592 0.352294
vt 0.336426 0.270995
vt 0.273682 0.299560
vt 0.214844 0.838866
vt 0.252197 0.325439
vt 0.221191 0.020019
vt 0.225586 0.011230
vt 0.592529 0.642577
vt 0.367920 0.239013
vt 0.368896 0.288085
vt 0.363037 0.267089
vt 0.360596 0.288574
vt 0.369385 0.340575
vt 0.343262 0.292724
vt 0.342773 0.322997
vt 0.205811 0.948486
vt 0.499268 0.942626
vt 0.496094 0.999511
vt 0.280762 0.013915
vt 0.749023 0.153564
vt 0.665283 0.272216
vt 0.528809 0.738769
vt 0.519043 0.741943
vt 0.396973 0.645751
vt 0.387451 0.618407
vt 0.514648 0.652099
vt 0.506104 0.691894
vt 0.486572 0.694335
vt 0.733887 0.209472
vt 0.721680 0.229980
vt 0.700439 0.242919
vt 0.801270 0.121093
vt 0.794922 0.098144
vt 0.787842 0.103027
vt 0.321533 0.101318
vt 0.329102 0.077880
vt 0.322510 0.068115
vt 0.411377 0.257079
vt 0.737793 0.486083
vt 0.745605 0.505126
vt 0.752686 0.507324
vt 0.387695 0.034179
vt 0.394287 0.035888
vt 0.404297 0.025634
vt 0.397217 0.955566
vt 0.398682 0.996337
vt 0.265137 0.415282
vt 0.291016 0.372070
vt 0.011230 0.954101
vt 0.632080 0.181640
vt 0.014648 0.219482
vt 0.005127 0.233886
vt 0.040039 0.241943
vt 0.005615 0.259521
vt 0.573730 0.761474
vt 0.585938 0.850585
vt 0.527832 0.869872
vt 0.989990 0.732177
vt 0.449707 0.812988
vt 0.362061 0.399413
vt 0.355957 0.440673
vt 0.334961 0.385009
vt 0.326660 0.464111
vt 0.304443 0.450683
vt 0.401123 0.871093
vt 0.429688 0.903564
vt 0.312744 0.373779
vt 0.319824 0.318847
vt 0.788818 0.081298
vt 0.795410 0.090575
vt 0.336182 0.073241
vt 0.337891 0.056396
vt 0.544189 0.564208
vt 0.769775 0.534179
vt 0.337402 0.882079
vt 0.699951 0.497802
vt 0.434570 0.060790
vt 0.535889 0.831054
vt 0.498779 0.673583
vt 0.506104 0.691650
vt 0.749756 0.187988
vt 0.619141 0.951904
vt 0.871826 0.157470
vt 0.367432 0.544433
vt 0.279053 0.987548
vt 0.340332 0.983642
vt 0.499756 0.885253
usemtl default_material_texture000.png
s off
f 536/259 537/260 538/261
f 537/260 539/262 538/261
f 538/261 539/262 540/263
f 539/262 541/264 540/263
f 540/263 541/264 542/265
f 541/264 543/266 542/265
f 542/265 543/266 544/267
f 543/266 545/268 544/267
f 544/267 545/268 546/269
f 545/268 547/270 546/269
f 546/269 547/270 548/271
f 547/270 549/272 548/271
f 548/271 549/272 550/273
f 549/272 551/274 550/273
f 550/273 551/274 552/275
f 551/274 553/276 552/275
f 552/275 553/276 554/274
f 553/276 555/277 554/274
f 554/274 555/277 556/278
f 555/277 557/279 556/278
f 556/278 557/279 558/280
f 557/279 559/281 558/280
f 558/280 559/281 560/282
f 559/281 561/283 560/282
f 560/282 561/283 562/284
f 561/283 563/285 562/284
f 562/284 563/285 564/286
f 563/285 565/287 564/286
f 564/286 565/287 566/288
f 565/287 567/289 566/288
f 566/288 567/289 568/290
f 567/289 569/291 568/290
f 568/290 569/291 570/292
f 569/291 571/293 570/292
f 570/292 571/293 572/294
f 571/293 573/295 572/294
f 572/294 573/295 574/296
f 573/295 575/297 574/296
f 574/296 575/297 576/298
f 575/297 577/299 576/298
f 578/300 579/301 580/302
f 580/302 579/301 581/303
f 579/301 582/304 581/303
f 581/303 582/304 583/305
f 582/304 584/306 583/305
f 583/305 584/306 585/307
f 584/306 586/308 585/307
f 585/307 586/308 587/309
f 586/308 588/310 587/309
f 587/309 588/310 589/311
f 588/310 590/312 589/311
f 589/311 590/312 591/313
f 590/312 592/314 591/313
f 591/313 592/314 593/315
f 592/314 594/316 593/315
f 593/315 594/316 595/317
f 594/316 596/318 595/317
f 595/317 596/318 597/316
f 596/318 598/319 597/316
f 597/316 598/319 599/314
f 598/319 600/320 599/314
f 599/314 600/320 601/321
f 600/320 602/322 601/321
f 601/321 602/322 603/310
f 602/322 604/308 603/310
f 603/310 604/308 605/309
f 604/308 606/307 605/309
f 605/309 606/307 607/323
f 606/307 608/324 607/323
f 607/323 608/324 609/325
f 608/324 610/326 609/325
f 611/327 612/328 613/329
f 612/328 614/330 613/329
f 613/329 614/330 615/331
f 614/330 616/332 615/331
f 615/331 616/332 617/333
f 616/332 618/334 617/333
f 617/333 618/334 619/335
f 618/334 620/336 619/335
f 619/335 620/336 621/337
f 620/336 622/338 621/337
f 621/337 622/338 623/339
f 622/338 624/340 623/339
f 623/339 624/340 625/341
f 624/340 626/342 625/341
f 625/341 626/342 627/343
f 626/342 628/344 627/343
f 627/343 628/344 629/345
f 628/344 630/346 629/345
f 629/345 630/346 631/347
f 630/346 632/348 631/347
f 631/347 632/348 633/349
f 632/348 634/350 633/349
f 633/349 634/350 635/351
f 634/350 636/352 635/351
f 635/351 636/352 637/353
f 636/352 638/354 637/353
f 637/353 638/354 639/355
f 638/354 640/356 639/355
f 639/355 640/356 641/357
f 539/262 642/358 541/264
f 541/264 642/358 643/359
f 642/358 644/360 643/359
f 643/359 644/360 645/361
f 644/360 646/362 645/361
f 645/361 646/362 647/363
f 646/362 648/284 647/363
f 647/363 648/284 649/282
f 648/284 650/283 649/282
f 649/282 650/283 651/281
f 650/283 652/364 651/281
f 651/281 652/364 653/365
f 652/364 654/366 653/365
f 653/365 654/366 655/367
f 654/366 656/368 655/367
f 655/367 656/368 657/369
f 656/368 658/370 657/369
f 657/369 658/370 659/371
f 658/370 660/372 659/371
f 659/371 660/372 661/373
f 660/372 662/374 661/373
f 661/373 662/374 663/375
f 662/374 664/376 663/375
f 663/375 664/376 665/377
f 664/376 666/378 665/377
f 665/377 666/378 667/379
f 666/378 668/380 667/379
f 669/381 670/382 671/383
f 671/383 670/382 672/384
f 670/382 673/385 672/384
f 672/384 673/385 674/386
f 673/385 675/387 674/386
f 674/386 675/387 676/388
f 675/387 677/389 676/388
f 676/388 677/389 678/390
f 677/389 679/391 678/390
f 678/390 679/391 680/392
f 679/391 681/393 680/392
f 680/392 681/393 682/394
f 681/393 683/395 682/394
f 682/394 683/395 684/396
f 683/395 685/397 684/396
f 684/396 685/397 686/398
f 685/397 687/399 686/398
f 686/398 687/399 688/400
f 687/399 689/401 688/400
f 688/400 689/401 690/402
f 689/401 691/403 690/402
f 690/402 691/403 692/404
f 691/403 693/405 692/404
f 692/404 693/405 694/406
f 693/405 695/407 694/406
f 694/406 695/407 696/408
f 697/409 698/410 699/411
f 698/410 700/412 699/411
f 699/411 700/412 701/413
f 700/412 702/414 701/413
f 701/413 702/414 703/394
f 702/414 704/396 703/394
f 703/394 704/396 705/395
f 704/396 706/397 705/395
f 705/395 706/397 707/415
f 706/397 708/416 707/415
f 707/415 708/416 709/417
f 708/416 710/418 709/417
f 709/417 710/418 711/419
f 710/418 712/420 711/419
f 711/419 712/420 713/421
f 712/420 714/422 713/421
f 713/421 714/422 715/423
f 714/422 716/424 715/423
f 715/423 716/424 717/425
f 716/424 718/426 717/425
f 717/425 718/426 719/427
f 718/426 720/428 719/427
f 719/427 720/428 721/429
f 720/428 722/430 721/429
f 721/429 722/430 723/431
f 722/430 724/432 723/431
f 725/433 726/434 727/435
f 726/434 728/436 727/435
f 727/435 728/436 729/437
f 728/436 730/438 729/437
f 729/437 730/438 731/436
f 730/438 726/434 731/436
f 731/436 726/434 732/435
f 726/434 725/433 732/435
f 732/435 725/433 733/439
f 725/433 727/435 733/439
f 733/439 727/435 734/440
f 727/435 735/441 734/440
f 734/440 735/441 736/442
f 735/441 737/443 736/442
f 736/442 737/443 738/441
f 737/443 739/444 738/441
f 738/441 739/444 740/445
f 739/444 741/446 740/445
f 740/445 741/446 742/447
f 741/446 743/445 742/447
f 742/447 743/445 735/441
f 743/445 739/444 735/441
f 735/441 739/444 737/443
f 744/448 745/449 746/450
f 745/449 747/448 746/450
f 746/450 747/448 748/451
f 747/448 749/452 748/451
f 748/451 749/452 750/453
f 749/452 751/451 750/453
f 750/453 751/451 752/454
f 751/451 753/455 752/454
f 752/454 753/455 754/456
f 753/455 755/457 754/456
f 754/456 755/457 756/458
f 755/457 757/459 756/458
f 756/458 757/459 758/365
f 757/459 759/367 758/365
f 758/365 759/367 760/366
f 759/367 761/368 760/366
f 760/366 761/368 762/460
f 761/368 763/461 762/460
f 762/460 763/461 764/462
f 763/461 765/463 764/462
f 764/462 765/463 569/291
f 765/463 571/293 569/291
f 578/300 766/464 579/301
f 579/301 766/464 767/465
f 766/464 768/466 767/465
f 767/465 768/466 769/467
f 768/466 770/468 769/467
f 769/467 770/468 771/469
f 770/468 772/470 771/469
f 771/469 772/470 773/471
f 772/470 774/469 773/471
f 773/471 774/469 775/472
f 774/469 776/473 775/472
f 775/472 776/473 777/474
f 776/473 778/475 777/474
f 777/474 778/475 604/308
f 778/475 779/306 604/308
f 604/308 779/306 606/307
f 779/306 780/305 606/307
f 606/307 780/305 781/476
f 780/305 782/477 781/476
f 781/476 782/477 783/478
f 782/477 784/479 783/478
f 783/478 784/479 785/480
f 786/481 787/482 788/483
f 787/482 789/484 788/483
f 788/483 789/484 790/485
f 789/484 791/486 790/485
f 790/485 791/486 792/487
f 791/486 689/401 792/487
f 792/487 689/401 793/488
f 689/401 687/399 793/488
f 793/488 687/399 794/489
f 687/399 685/397 794/489
f 794/489 685/397 795/416
f 685/397 796/415 795/416
f 795/416 796/415 797/417
f 796/415 798/490 797/417
f 797/417 798/490 799/491
f 798/490 681/393 799/491
f 799/491 681/393 800/492
f 681/393 801/493 800/492
f 800/492 801/493 802/494
f 801/493 803/495 802/494
f 804/496 805/497 806/498
f 806/498 805/497 807/499
f 805/497 808/500 807/499
f 807/499 808/500 809/501
f 808/500 810/499 809/501
f 809/501 810/499 811/502
f 810/499 812/503 811/502
f 811/502 812/503 813/504
f 812/503 814/505 813/504
f 813/504 814/505 815/506
f 814/505 816/507 815/506
f 815/506 816/507 817/508
f 816/507 818/509 817/508
f 817/508 818/509 819/510
f 818/509 820/511 819/510
f 819/510 820/511 821/512
f 820/511 822/513 821/512
f 821/512 822/513 823/514
f 822/513 824/515 823/514
f 823/514 824/515 825/516
f 826/517 827/518 828/519
f 827/518 829/520 828/519
f 828/519 829/520 830/521
f 829/520 831/522 830/521
f 830/521 831/522 832/523
f 831/522 833/524 832/523
f 832/523 833/524 834/525
f 833/524 835/526 834/525
f 834/525 835/526 836/527
f 835/526 837/528 836/527
f 836/527 837/528 838/529
f 837/528 839/530 838/529
f 838/529 839/530 840/531
f 839/530 841/532 840/531
f 840/531 841/532 842/533
f 841/532 843/534 842/533
f 842/533 843/534 844/532
f 843/534 845/535 844/532
f 844/532 845/535 846/536
f 845/535 847/537 846/536
f 848/537 849/535 850/536
f 850/536 849/535 851/532
f 849/535 852/534 851/532
f 851/532 852/534 853/533
f 852/534 854/532 853/533
f 853/533 854/532 855/531
f 854/532 856/530 855/531
f 855/531 856/530 857/529
f 856/530 858/528 857/529
f 857/529 858/528 859/527
f 858/528 860/526 859/527
f 859/527 860/526 861/525
f 860/526 862/524 861/525
f 861/525 862/524 863/523
f 862/524 864/522 863/523
f 863/523 864/522 865/521
f 864/522 866/520 865/521
f 865/521 866/520 867/519
f 866/520 868/518 867/519
f 867/519 868/518 869/517
f 870/516 871/515 872/514
f 871/515 873/513 872/514
f 872/514 873/513 874/512
f 873/513 875/511 874/512
f 874/512 875/511 876/510
f 875/511 877/509 876/510
f 876/510 877/509 878/508
f 877/509 879/507 878/508
f 878/508 879/507 880/506
f 879/507 881/505 880/506
f 880/506 881/505 882/504
f 881/505 883/503 882/504
f 882/504 883/503 884/502
f 883/503 885/499 884/502
f 884/502 885/499 886/501
f 885/499 887/500 886/501
f 886/501 887/500 888/499
f 887/500 889/497 888/499
f 888/499 889/497 890/498
f 889/497 891/496 890/498
f 892/538 893/539 894/540
f 893/539 895/541 894/540
f 894/540 895/541 896/542
f 895/541 897/543 896/542
f 896/542 897/543 770/468
f 897/543 898/544 770/468
f 770/468 898/544 772/470
f 898/544 899/468 772/470
f 772/470 899/468 774/469
f 899/468 900/467 774/469
f 774/469 900/467 901/545
f 900/467 902/465 901/545
f 901/545 902/465 779/306
f 902/465 903/304 779/306
f 779/306 903/304 780/305
f 903/304 904/303 780/305
f 780/305 904/303 782/477
f 904/303 905/546 782/477
f 782/477 905/546 784/479
f 612/328 906/547 907/548
f 906/547 908/549 907/548
f 907/548 908/549 909/550
f 908/549 910/551 909/550
f 909/550 910/551 911/552
f 910/551 912/553 911/552
f 911/552 912/553 913/554
f 912/553 914/555 913/554
f 913/554 914/555 915/556
f 914/555 916/557 915/556
f 915/556 916/557 917/558
f 916/557 918/559 917/558
f 917/558 918/559 624/340
f 918/559 919/560 624/340
f 624/340 919/560 920/561
f 919/560 921/562 920/561
f 920/561 921/562 922/563
f 921/562 923/564 922/563
f 924/565 925/566 926/567
f 926/567 925/566 927/568
f 925/566 928/569 927/568
f 927/568 928/569 929/297
f 928/569 930/570 929/297
f 929/297 930/570 931/295
f 930/570 932/571 931/295
f 931/295 932/571 933/293
f 932/571 934/463 933/293
f 933/293 934/463 935/291
f 934/463 936/462 935/291
f 935/291 936/462 937/289
f 936/462 938/572 937/289
f 937/289 938/572 939/287
f 938/572 940/285 939/287
f 939/287 940/285 941/286
f 940/285 648/284 941/286
f 543/266 942/573 545/268
f 545/268 942/573 547/270
f 942/573 943/574 547/270
f 547/270 943/574 549/272
f 943/574 944/575 549/272
f 549/272 944/575 551/274
f 944/575 945/278 551/274
f 551/274 945/278 946/277
f 945/278 947/279 946/277
f 946/277 947/279 948/456
f 947/279 949/458 948/456
f 948/456 949/458 950/457
f 949/458 951/459 950/457
f 950/457 951/459 952/576
f 951/459 655/367 952/576
f 952/576 655/367 953/577
f 655/367 954/578 953/577
f 955/579 956/580 957/581
f 957/581 956/580 958/582
f 956/580 959/583 958/582
f 958/582 959/583 960/411
f 959/583 961/413 960/411
f 960/411 961/413 962/412
f 961/413 963/414 962/412
f 962/412 963/414 964/584
f 963/414 684/396 964/584
f 964/584 684/396 965/585
f 684/396 686/398 965/585
f 965/585 686/398 966/586
f 686/398 688/400 966/586
f 966/586 688/400 967/587
f 688/400 690/402 967/587
f 967/587 690/402 692/404
f 968/432 969/430 970/431
f 970/431 969/430 971/429
f 969/430 972/428 971/429
f 971/429 972/428 973/427
f 972/428 974/426 973/427
f 973/427 974/426 975/425
f 974/426 976/424 975/425
f 975/425 976/424 977/423
f 976/424 978/422 977/423
f 977/423 978/422 979/421
f 978/422 980/420 979/421
f 979/421 980/420 981/419
f 980/420 982/418 981/419
f 981/419 982/418 797/417
f 982/418 795/416 797/417
f 983/588 984/589 985/590
f 985/590 984/589 893/539
f 984/589 986/591 893/539
f 893/539 986/591 895/541
f 986/591 987/592 895/541
f 895/541 987/592 897/543
f 987/592 988/541 897/543
f 897/543 988/541 989/542
f 988/541 990/540 989/542
f 989/542 990/540 991/466
f 990/540 992/464 991/466
f 991/466 992/464 902/465
f 992/464 993/301 902/465
f 902/465 993/301 903/304
f 993/301 904/303 903/304
f 552/275 554/274 550/273
f 554/274 994/272 550/273
f 550/273 994/272 548/271
f 994/272 995/270 548/271
f 548/271 995/270 546/269
f 995/270 996/268 546/269
f 546/269 996/268 997/267
f 996/268 998/266 997/267
f 997/267 998/266 999/265
f 998/266 1000/264 999/265
f 999/265 1000/264 1001/263
f 1000/264 1002/262 1001/263
f 1001/263 1002/262 1003/261
f 1002/262 1004/260 1003/261
f 1003/261 1004/260 1005/259
f 731/436 732/435 729/437
f 729/437 732/435 1006/593
f 732/435 738/441 1006/593
f 1006/593 738/441 1007/594
f 738/441 742/447 1007/594
f 1007/594 742/447 1008/595
f 742/447 1009/596 1008/595
f 1008/595 1009/596 1010/597
f 1009/596 1011/598 1010/597
f 1010/597 1011/598 1012/599
f 1011/598 1013/597 1012/599
f 1012/599 1013/597 1014/600
f 1013/597 1015/601 1014/600
f 1014/600 1015/601 1010/597
f 1015/601 1008/595 1010/597
f 809/501 1016/502 807/499
f 807/499 1016/502 1017/503
f 1016/502 1018/504 1017/503
f 1017/503 1018/504 1019/505
f 1018/504 1020/506 1019/505
f 1019/505 1020/506 1021/507
f 1020/506 1022/508 1021/507
f 1021/507 1022/508 1023/509
f 1022/508 1024/510 1023/509
f 1023/509 1024/510 1025/511
f 1024/510 1026/512 1025/511
f 1025/511 1026/512 1027/513
f 1026/512 1028/514 1027/513
f 1027/513 1028/514 1029/515
f 1028/514 1030/516 1029/515
f 842/533 844/532 1031/531
f 844/532 1032/530 1031/531
f 1031/531 1032/530 1033/529
f 1032/530 1034/528 1033/529
f 1033/529 1034/528 1035/527
f 1034/528 1036/526 1035/527
f 1035/527 1036/526 1037/525
f 1036/526 1038/524 1037/525
f 1037/525 1038/524 1039/523
f 1038/524 1040/522 1039/523
f 1039/523 1040/522 1041/521
f 1040/522 1042/520 1041/521
f 1041/521 1042/520 1043/519
f 1042/520 1044/518 1043/519
f 1043/519 1044/518 1045/517
f 1046/517 1047/518 1048/519
f 1047/518 1049/520 1048/519
f 1048/519 1049/520 1050/521
f 1049/520 1051/522 1050/521
f 1050/521 1051/522 1052/523
f 1051/522 1053/524 1052/523
f 1052/523 1053/524 1054/525
f 1053/524 1055/526 1054/525
f 1054/525 1055/526 1056/527
f 1055/526 1057/528 1056/527
f 1056/527 1057/528 1058/529
f 1057/528 1059/530 1058/529
f 1058/529 1059/530 1060/531
f 1059/530 851/532 1060/531
f 1060/531 851/532 853/533
f 1061/516 1062/514 1063/515
f 1063/515 1062/514 1064/513
f 1062/514 1065/512 1064/513
f 1064/513 1065/512 1066/511
f 1065/512 1067/510 1066/511
f 1066/511 1067/510 1068/509
f 1067/510 1069/508 1068/509
f 1068/509 1069/508 1070/507
f 1069/508 1071/506 1070/507
f 1070/507 1071/506 1072/505
f 1071/506 1073/504 1072/505
f 1072/505 1073/504 1074/503
f 1073/504 1075/502 1074/503
f 1074/503 1075/502 888/499
f 1075/502 886/501 888/499
f 1076/602 1077/603 1078/585
f 1077/603 1079/586 1078/585
f 1078/585 1079/586 1080/398
f 1079/586 1081/400 1080/398
f 1080/398 1081/400 1082/399
f 1081/400 1083/401 1082/399
f 1082/399 1083/401 1084/488
f 1083/401 1085/487 1084/488
f 1084/488 1085/487 1086/604
f 1085/487 1087/485 1086/604
f 1086/604 1087/485 720/428
f 1087/485 1088/483 720/428
f 720/428 1088/483 722/430
f 1088/483 724/432 722/430
f 1089/605 1090/606 1091/607
f 1090/606 1092/386 1091/607
f 1091/607 1092/386 1093/384
f 1092/386 1094/385 1093/384
f 1093/384 1094/385 1095/382
f 1094/385 1096/608 1095/382
f 1095/382 1096/608 1097/609
f 1096/608 1098/389 1097/609
f 1097/609 1098/389 1099/493
f 1098/389 1100/391 1099/493
f 1099/493 1100/391 1101/393
f 1100/391 1102/392 1101/393
f 1101/393 1102/392 703/394
f 1102/392 701/413 703/394
f 1103/610 1104/611 1105/612
f 1104/611 1106/613 1105/612
f 1105/612 1106/613 1107/614
f 1106/613 1108/615 1107/614
f 1107/614 1108/615 1109/616
f 1108/615 1110/617 1109/616
f 1109/616 1110/617 1111/618
f 1110/617 1112/619 1111/618
f 1111/618 1112/619 1113/620
f 1112/619 1114/621 1113/620
f 1113/620 1114/621 1115/622
f 1114/621 1116/623 1115/622
f 1115/622 1116/623 1117/624
f 1118/625 1119/626 1120/371
f 1119/626 1121/373 1120/371
f 1120/371 1121/373 1122/372
f 1121/373 1123/374 1122/372
f 1122/372 1123/374 1124/570
f 1123/374 1125/376 1124/570
f 1124/570 1125/376 1126/627
f 1125/376 1127/378 1126/627
f 1126/627 1127/378 1128/566
f 1127/378 1129/628 1128/566
f 1128/566 1129/628 1130/629
f 1129/628 1131/630 1130/629
f 1130/629 1131/630 1132/631
f 724/432 1088/483 1133/481
f 1133/481 1088/483 1134/482
f 1088/483 1135/484 1134/482
f 1134/482 1135/484 1136/632
f 1135/484 1137/486 1136/632
f 1136/632 1137/486 1138/403
f 1137/486 1083/401 1138/403
f 1138/403 1083/401 1139/402
f 1083/401 1081/400 1139/402
f 1139/402 1081/400 1140/587
f 1081/400 1079/586 1140/587
f 1140/587 1079/586 1141/633
f 1079/586 1077/603 1141/633
f 705/395 707/415 1142/490
f 707/415 709/417 1142/490
f 1142/490 709/417 1143/491
f 709/417 1144/634 1143/491
f 1143/491 1144/634 1145/492
f 1144/634 1146/494 1145/492
f 1145/492 1146/494 1099/493
f 1146/494 1147/495 1099/493
f 1099/493 1147/495 1097/609
f 1147/495 1148/381 1097/609
f 1097/609 1148/381 1095/382
f 1148/381 1149/383 1095/382
f 1095/382 1149/383 1093/384
f 1150/635 1151/636 1152/637
f 1151/636 1153/638 1152/637
f 1152/637 1153/638 1154/639
f 1153/638 1155/640 1154/639
f 1154/639 1155/640 1156/641
f 1155/640 1157/642 1156/641
f 1156/641 1157/642 1158/643
f 1157/642 1159/644 1158/643
f 1158/643 1159/644 1160/645
f 1159/644 1161/646 1160/645
f 1160/645 1161/646 1162/647
f 1161/646 1163/648 1162/647
f 1164/649 1165/650 1166/651
f 1165/650 1167/652 1166/651
f 1166/651 1167/652 1168/653
f 1167/652 1169/654 1168/653
f 1168/653 1169/654 1170/652
f 1169/654 1171/655 1170/652
f 1170/652 1171/655 1172/656
f 1171/655 1173/313 1172/656
f 1172/656 1173/313 1174/311
f 1173/313 1175/312 1174/311
f 1174/311 1175/312 603/310
f 1175/312 601/321 603/310
f 1176/657 1177/658 1178/659
f 1178/659 1177/658 1179/657
f 1177/658 1180/660 1179/657
f 1179/657 1180/660 1181/661
f 1180/660 1182/662 1181/661
f 1181/661 1182/662 1183/660
f 1182/662 1184/663 1183/660
f 1183/660 1184/663 1185/664
f 1184/663 1186/665 1185/664
f 1185/664 1186/665 1187/663
f 1186/665 1188/666 1187/663
f 1187/663 1188/666 1189/667
f 1186/665 1184/663 1190/666
f 1190/666 1184/663 1189/667
f 1184/663 1182/662 1189/667
f 1189/667 1182/662 1187/663
f 1182/662 1180/660 1187/663
f 1187/663 1180/660 1185/664
f 1180/660 1177/658 1185/664
f 1185/664 1177/658 1183/660
f 1177/658 1176/657 1183/660
f 1183/660 1176/657 1181/661
f 1176/657 1191/668 1181/661
f 1181/661 1191/668 1179/657
f 941/286 1192/288 939/287
f 939/287 1192/288 937/289
f 1192/288 1193/290 937/289
f 937/289 1193/290 935/291
f 1193/290 1194/292 935/291
f 935/291 1194/292 933/293
f 1194/292 1195/294 933/293
f 933/293 1195/294 931/295
f 1195/294 1196/296 931/295
f 931/295 1196/296 929/297
f 1196/296 1197/298 929/297
f 929/297 1197/298 1198/299
f 1199/669 1200/670 1201/671
f 1200/670 1202/672 1201/671
f 1201/671 1202/672 1203/673
f 1202/672 1204/674 1203/673
f 1203/673 1204/674 1205/675
f 1204/674 1206/676 1205/675
f 1205/675 1206/676 1207/677
f 1206/676 1208/678 1207/677
f 1207/677 1208/678 1209/679
f 1208/678 1210/680 1209/679
f 1209/679 1210/680 1211/681
f 1210/680 1212/682 1211/681
f 1213/328 1214/548 906/547
f 906/547 1214/548 908/549
f 1214/548 1215/550 908/549
f 908/549 1215/550 910/551
f 1215/550 1216/552 910/551
f 910/551 1216/552 912/553
f 1216/552 1217/554 912/553
f 912/553 1217/554 914/555
f 1217/554 1218/556 914/555
f 914/555 1218/556 916/557
f 1218/556 1219/558 916/557
f 916/557 1219/558 918/559
f 1220/635 1221/637 1222/636
f 1222/636 1221/637 1223/638
f 1221/637 1224/639 1223/638
f 1223/638 1224/639 1225/640
f 1224/639 1226/641 1225/640
f 1225/640 1226/641 1227/642
f 1226/641 1228/643 1227/642
f 1227/642 1228/643 1229/644
f 1228/643 1230/645 1229/644
f 1229/644 1230/645 1231/646
f 1230/645 1232/647 1231/646
f 1231/646 1232/647 1233/648
f 624/340 622/338 917/558
f 917/558 622/338 915/556
f 622/338 620/336 915/556
f 915/556 620/336 913/554
f 620/336 618/334 913/554
f 913/554 618/334 911/552
f 618/334 616/332 911/552
f 911/552 616/332 909/550
f 616/332 614/330 909/550
f 909/550 614/330 907/548
f 614/330 612/328 907/548
f 579/301 767/465 582/304
f 582/304 767/465 584/306
f 767/465 1234/545 584/306
f 584/306 1234/545 1235/475
f 1234/545 1236/473 1235/475
f 1235/475 1236/473 1237/474
f 1236/473 1238/472 1237/474
f 1237/474 1238/472 1239/320
f 1238/472 1240/319 1239/320
f 1239/320 1240/319 592/314
f 1240/319 594/316 592/314
f 1241/327 1242/329 1213/328
f 1213/328 1242/329 1243/330
f 1242/329 1244/331 1243/330
f 1243/330 1244/331 1245/332
f 1244/331 1246/333 1245/332
f 1245/332 1246/333 1247/683
f 1246/333 1248/335 1247/683
f 1247/683 1248/335 1249/336
f 1248/335 1250/337 1249/336
f 1249/336 1250/337 1251/338
f 1250/337 1252/339 1251/338
f 1253/684 1254/685 1255/621
f 1254/685 1256/686 1255/621
f 1255/621 1256/686 1257/619
f 1256/686 1258/617 1257/619
f 1257/619 1258/617 1259/618
f 1258/617 1260/616 1259/618
f 1259/618 1260/616 1261/687
f 1260/616 1262/614 1261/687
f 1261/687 1262/614 1263/688
f 1262/614 1264/689 1263/688
f 1263/688 1264/689 1265/690
f 1266/691 1267/692 1268/693
f 1267/692 1269/694 1268/693
f 1268/693 1269/694 1270/695
f 1269/694 1271/696 1270/695
f 1270/695 1271/696 1272/697
f 1271/696 1273/698 1272/697
f 1272/697 1273/698 1274/699
f 1273/698 1275/700 1274/699
f 1274/699 1275/700 1276/701
f 1275/700 1277/702 1276/701
f 1165/650 1278/656 1167/652
f 1278/656 1279/655 1167/652
f 1167/652 1279/655 1169/654
f 1279/655 1280/703 1169/654
f 1169/654 1280/703 1171/655
f 1280/703 1281/315 1171/655
f 1171/655 1281/315 1173/313
f 1281/315 599/314 1173/313
f 1173/313 599/314 1175/312
f 599/314 601/321 1175/312
f 648/284 940/285 650/283
f 940/285 938/572 650/283
f 650/283 938/572 1282/460
f 938/572 936/462 1282/460
f 1282/460 936/462 1283/461
f 936/462 934/463 1283/461
f 1283/461 934/463 656/368
f 934/463 932/571 656/368
f 656/368 932/571 658/370
f 932/571 660/372 658/370
f 554/274 556/278 1284/575
f 556/278 558/280 1284/575
f 1284/575 558/280 1285/704
f 558/280 1286/363 1285/704
f 1285/704 1286/363 1287/574
f 1286/363 1288/361 1287/574
f 1287/574 1288/361 1289/573
f 1288/361 1290/359 1289/573
f 1289/573 1290/359 998/266
f 1290/359 1000/264 998/266
f 716/424 714/422 1084/488
f 714/422 1291/489 1084/488
f 1084/488 1291/489 1082/399
f 1291/489 706/397 1082/399
f 1082/399 706/397 1080/398
f 706/397 704/396 1080/398
f 1080/398 704/396 1078/585
f 704/396 1292/584 1078/585
f 1078/585 1292/584 1293/705
f 1292/584 1294/706 1293/705
f 1213/328 1243/330 1214/548
f 1214/548 1243/330 1215/550
f 1243/330 1245/332 1215/550
f 1215/550 1245/332 1216/552
f 1245/332 1247/683 1216/552
f 1216/552 1247/683 1217/554
f 1247/683 1249/336 1217/554
f 1217/554 1249/336 1218/556
f 1249/336 1251/338 1218/556
f 1218/556 1251/338 1219/558
f 1295/702 1296/700 1297/701
f 1297/701 1296/700 1298/699
f 1296/700 1299/698 1298/699
f 1298/699 1299/698 1300/697
f 1299/698 1301/696 1300/697
f 1300/697 1301/696 1302/695
f 1301/696 1303/694 1302/695
f 1302/695 1303/694 1304/693
f 1303/694 1305/692 1304/693
f 1304/693 1305/692 1306/691
f 1307/707 1308/708 1309/709
f 1309/709 1308/708 1310/710
f 1308/708 1311/711 1310/710
f 1310/710 1311/711 1312/712
f 1311/711 1313/713 1312/712
f 1312/712 1313/713 1314/714
f 1313/713 1315/715 1314/714
f 1314/714 1315/715 1316/716
f 1315/715 1307/707 1316/716
f 1317/689 1318/688 1319/690
f 1319/690 1318/688 1320/717
f 1318/688 1321/687 1320/717
f 1320/717 1321/687 1322/718
f 1321/687 1111/618 1322/718
f 1322/718 1111/618 1323/719
f 1111/618 1113/620 1323/719
f 1323/719 1113/620 1324/720
f 1113/620 1325/721 1324/720
f 541/264 643/359 543/266
f 543/266 643/359 942/573
f 643/359 645/361 942/573
f 942/573 645/361 943/574
f 645/361 647/363 943/574
f 943/574 647/363 1326/704
f 647/363 1327/280 1326/704
f 1326/704 1327/280 944/575
f 1327/280 945/278 944/575
f 1328/722 1329/723 1330/724
f 1329/723 1331/725 1330/724
f 1330/724 1331/725 1332/726
f 1331/725 1333/727 1332/726
f 1332/726 1333/727 1334/728
f 1333/727 1335/726 1334/728
f 1334/728 1335/726 1336/729
f 1335/726 1337/730 1336/729
f 1336/729 1337/730 1338/731
f 1339/732 1340/733 619/335
f 1340/733 1341/734 619/335
f 619/335 1341/734 617/333
f 1341/734 1342/735 617/333
f 617/333 1342/735 615/331
f 1342/735 1343/736 615/331
f 615/331 1343/736 613/329
f 1343/736 1344/737 613/329
f 613/329 1344/737 611/327
f 1345/631 1346/630 1347/629
f 1346/630 1348/628 1347/629
f 1347/629 1348/628 925/566
f 1348/628 666/378 925/566
f 925/566 666/378 1349/627
f 666/378 664/376 1349/627
f 1349/627 664/376 930/570
f 664/376 662/374 930/570
f 930/570 662/374 660/372
f 655/367 657/369 954/578
f 954/578 657/369 1350/625
f 657/369 659/371 1350/625
f 1350/625 659/371 1351/626
f 659/371 661/373 1351/626
f 1351/626 661/373 1352/738
f 661/373 663/375 1352/738
f 1352/738 663/375 1353/739
f 663/375 665/377 1353/739
f 961/413 959/583 1354/740
f 959/583 1355/741 1354/740
f 1354/740 1355/741 1356/742
f 1355/741 1357/743 1356/742
f 1356/742 1357/743 676/388
f 1357/743 1358/606 676/388
f 676/388 1358/606 674/386
f 1358/606 1359/607 674/386
f 674/386 1359/607 672/384
f 986/591 1360/744 987/592
f 1360/744 1361/591 987/592
f 987/592 1361/591 988/541
f 1361/591 1362/539 988/541
f 988/541 1362/539 990/540
f 1362/539 1363/538 990/540
f 990/540 1363/538 1364/745
f 1363/538 1365/746 1364/745
f 1364/745 1365/746 1366/300
f 1264/689 1262/614 1367/747
f 1367/747 1262/614 1368/612
f 1262/614 1369/613 1368/612
f 1368/612 1369/613 1370/611
f 1369/613 1371/615 1370/611
f 1370/611 1371/615 1372/748
f 1371/615 1258/617 1372/748
f 1372/748 1258/617 1373/749
f 1258/617 1374/750 1373/749
f 575/297 1375/751 577/299
f 577/299 1375/751 1376/752
f 1375/751 1377/568 1376/752
f 1376/752 1377/568 1378/567
f 1377/568 1128/566 1378/567
f 1378/567 1128/566 1379/565
f 1128/566 1380/753 1379/565
f 1379/565 1380/753 1381/754
f 1380/753 1382/755 1381/754
f 1241/327 1383/737 1242/329
f 1383/737 1384/736 1242/329
f 1242/329 1384/736 1244/331
f 1384/736 1385/735 1244/331
f 1244/331 1385/735 1246/333
f 1385/735 1386/734 1246/333
f 1246/333 1386/734 1248/335
f 1386/734 1387/733 1248/335
f 1248/335 1387/733 1388/732
f 762/460 1389/364 760/366
f 760/366 1389/364 758/365
f 1389/364 559/281 758/365
f 758/365 559/281 756/458
f 559/281 557/279 756/458
f 756/458 557/279 754/456
f 557/279 555/277 754/456
f 754/456 555/277 752/454
f 555/277 750/453 752/454
f 1390/756 1391/757 1392/758
f 1391/757 1393/759 1392/758
f 1392/758 1393/759 1394/760
f 1393/759 1395/758 1394/760
f 1394/760 1395/758 1396/761
f 1395/758 1397/762 1396/761
f 1396/761 1397/762 1398/763
f 1397/762 1399/764 1398/763
f 1400/765 536/259 1401/766
f 536/259 538/261 1401/766
f 1401/766 538/261 1402/767
f 538/261 540/263 1402/767
f 1402/767 540/263 1403/768
f 540/263 542/265 1403/768
f 1403/768 542/265 1404/769
f 542/265 544/267 1404/769
f 729/437 1405/593 727/435
f 727/435 1405/593 735/441
f 1405/593 1406/594 735/441
f 735/441 1406/594 742/447
f 1406/594 1407/595 742/447
f 742/447 1407/595 1009/596
f 1407/595 1013/597 1009/596
f 1009/596 1013/597 1011/598
f 589/311 591/313 1278/656
f 1278/656 591/313 1279/655
f 591/313 593/315 1279/655
f 1279/655 593/315 1280/703
f 593/315 595/317 1280/703
f 1280/703 595/317 1281/315
f 595/317 597/316 1281/315
f 1281/315 597/316 599/314
f 952/576 1408/770 950/457
f 1408/770 1409/455 950/457
f 950/457 1409/455 948/456
f 1409/455 1410/454 948/456
f 948/456 1410/454 946/277
f 1410/454 750/453 946/277
f 946/277 750/453 553/276
f 750/453 555/277 553/276
f 1411/771 1412/772 1413/773
f 1413/773 1412/772 1414/774
f 1412/772 1415/775 1414/774
f 1414/774 1415/775 1416/776
f 1415/775 1417/777 1416/776
f 1416/776 1417/777 1418/778
f 1417/777 1419/779 1418/778
f 1418/778 1419/779 1420/780
f 1421/781 1422/782 1423/783
f 1423/783 1422/782 1424/784
f 1422/782 1425/785 1424/784
f 1424/784 1425/785 1426/782
f 1425/785 1427/786 1426/782
f 1426/782 1427/786 1428/787
f 1427/786 1429/788 1428/787
f 1428/787 1429/788 1430/786
f 1431/325 1432/324 1433/323
f 1433/323 1432/324 585/307
f 1432/324 1434/476 585/307
f 585/307 1434/476 583/305
f 1434/476 1435/477 583/305
f 583/305 1435/477 581/303
f 1435/477 1436/546 581/303
f 581/303 1436/546 580/302
f 594/316 1240/319 596/318
f 1240/319 1437/789 596/318
f 596/318 1437/789 598/319
f 1437/789 775/472 598/319
f 598/319 775/472 600/320
f 775/472 777/474 600/320
f 600/320 777/474 602/322
f 777/474 604/308 602/322
f 1438/790 1439/583 1440/741
f 1440/741 1439/583 1441/740
f 1439/583 701/413 1441/740
f 1441/740 701/413 1442/742
f 701/413 1102/392 1442/742
f 1442/742 1102/392 1443/390
f 1102/392 1100/391 1443/390
f 1443/390 1100/391 1098/389
f 1427/786 1425/785 1444/791
f 1444/791 1425/785 1430/786
f 1425/785 1422/782 1430/786
f 1430/786 1422/782 1428/787
f 1422/782 1421/781 1428/787
f 1428/787 1421/781 1426/782
f 1421/781 1445/783 1426/782
f 1426/782 1445/783 1424/784
f 1446/780 1447/779 1448/778
f 1447/779 1449/777 1448/778
f 1448/778 1449/777 1450/776
f 1449/777 1451/775 1450/776
f 1450/776 1451/775 1452/774
f 1451/775 1453/772 1452/774
f 1452/774 1453/772 1454/773
f 1453/772 1455/771 1454/773
f 575/297 573/295 1124/570
f 573/295 1456/571 1124/570
f 1124/570 1456/571 1122/372
f 1456/571 1457/370 1122/372
f 1122/372 1457/370 1120/371
f 1457/370 1458/369 1120/371
f 1120/371 1458/369 1118/625
f 1458/369 1459/578 1118/625
f 560/282 562/284 1286/363
f 562/284 1460/362 1286/363
f 1286/363 1460/362 1288/361
f 1460/362 1461/360 1288/361
f 1288/361 1461/360 1290/359
f 1461/360 1462/358 1290/359
f 1290/359 1462/358 1000/264
f 1462/358 1002/262 1000/264
f 997/267 999/265 1463/769
f 1463/769 999/265 1464/768
f 999/265 1001/263 1464/768
f 1464/768 1001/263 1465/767
f 1001/263 1003/261 1465/767
f 1465/767 1003/261 1466/766
f 1003/261 1005/259 1466/766
f 1466/766 1005/259 1467/765
f 1199/669 1201/671 1468/792
f 1468/792 1201/671 1469/793
f 1201/671 1470/794 1469/793
f 1469/793 1470/794 1471/795
f 1470/794 1472/796 1471/795
f 1471/795 1472/796 1473/797
f 1472/796 1474/798 1473/797
f 1473/797 1474/798 1475/799
f 1476/800 1477/801 1478/802
f 1477/801 1479/803 1478/802
f 1478/802 1479/803 1480/804
f 1479/803 1481/805 1480/804
f 1480/804 1481/805 1482/806
f 1481/805 1483/807 1482/806
f 1482/806 1483/807 1484/808
f 1483/807 1485/809 1484/808
f 1486/810 847/537 1487/811
f 847/537 845/535 1487/811
f 1487/811 845/535 1488/812
f 845/535 843/534 1488/812
f 1488/812 843/534 1489/535
f 843/534 841/532 1489/535
f 1489/535 841/532 1490/536
f 841/532 839/530 1490/536
f 1161/646 1159/644 1491/813
f 1159/644 1492/814 1491/813
f 1491/813 1492/814 1493/815
f 1492/814 1494/816 1493/815
f 1493/815 1494/816 832/523
f 1494/816 1495/817 832/523
f 832/523 1495/817 830/521
f 1495/817 828/519 830/521
f 867/519 1496/817 865/521
f 865/521 1496/817 863/523
f 1496/817 1497/816 863/523
f 863/523 1497/816 1498/815
f 1497/816 1499/814 1498/815
f 1498/815 1499/814 1500/813
f 1499/814 1229/644 1500/813
f 1500/813 1229/644 1231/646
f 1501/818 891/496 1502/819
f 891/496 889/497 1502/819
f 1502/819 889/497 1503/820
f 889/497 887/500 1503/820
f 1503/820 887/500 1504/497
f 887/500 885/499 1504/497
f 1504/497 885/499 1505/498
f 885/499 883/503 1505/498
f 812/503 810/499 1506/498
f 1506/498 810/499 1507/497
f 810/499 808/500 1507/497
f 1507/497 808/500 1508/820
f 808/500 805/497 1508/820
f 1508/820 805/497 1509/819
f 805/497 804/496 1509/819
f 1509/819 804/496 1510/818
f 856/530 854/532 1511/536
f 1511/536 854/532 1512/535
f 854/532 852/534 1512/535
f 1512/535 852/534 1513/812
f 852/534 849/535 1513/812
f 1513/812 849/535 1514/811
f 849/535 848/537 1514/811
f 1514/811 848/537 1515/810
f 1516/821 1517/822 1518/823
f 1518/823 1517/822 1519/824
f 1517/822 1520/825 1519/824
f 1519/824 1520/825 1521/826
f 1520/825 1522/827 1521/826
f 1521/826 1522/827 1523/828
f 1522/827 1524/829 1523/828
f 1525/830 1526/831 1527/832
f 1527/832 1526/831 1528/833
f 1526/831 1529/834 1528/833
f 1528/833 1529/834 1024/510
f 1529/834 1530/835 1024/510
f 1024/510 1530/835 1026/512
f 1530/835 1028/514 1026/512
f 1531/836 1532/837 1533/838
f 1533/838 1532/837 1534/839
f 1532/837 1535/840 1534/839
f 1534/839 1535/840 1536/841
f 1535/840 1537/842 1536/841
f 1536/841 1537/842 1538/843
f 1537/842 1539/844 1538/843
f 590/312 1540/321 592/314
f 592/314 1540/321 1239/320
f 1540/321 1541/322 1239/320
f 1239/320 1541/322 1237/474
f 1541/322 586/308 1237/474
f 1237/474 586/308 1235/475
f 586/308 584/306 1235/475
f 1542/845 1543/846 1544/847
f 1544/847 1543/846 1545/848
f 1543/846 1546/847 1545/848
f 1545/848 1546/847 1547/849
f 1546/847 1548/850 1547/849
f 1547/849 1548/850 1549/851
f 1548/850 1550/852 1549/851
f 1551/853 1552/854 1553/855
f 1552/854 1554/856 1553/855
f 1553/855 1554/856 1555/857
f 1554/856 1556/855 1555/857
f 1555/857 1556/855 1557/858
f 1556/855 1558/859 1557/858
f 1557/858 1558/859 1559/860
f 1560/861 1561/862 1405/593
f 1561/862 1562/863 1405/593
f 1405/593 1562/863 1406/594
f 1562/863 1563/864 1406/594
f 1406/594 1563/864 1407/595
f 1563/864 1015/601 1407/595
f 1407/595 1015/601 1013/597
f 1564/644 1565/813 1566/814
f 1565/813 1567/815 1566/814
f 1566/814 1567/815 1568/816
f 1567/815 1039/523 1568/816
f 1568/816 1039/523 1569/817
f 1039/523 1041/521 1569/817
f 1569/817 1041/521 1043/519
f 1570/705 965/585 1571/602
f 1571/602 965/585 1572/603
f 965/585 966/586 1572/603
f 1572/603 966/586 1573/633
f 966/586 967/587 1573/633
f 1573/633 967/587 694/406
f 967/587 692/404 694/406
f 1574/644 1575/814 1576/813
f 1576/813 1575/814 1577/815
f 1575/814 1578/816 1577/815
f 1577/815 1578/816 1052/523
f 1578/816 1579/817 1052/523
f 1052/523 1579/817 1050/521
f 1579/817 1048/519 1050/521
f 1580/830 1581/832 1582/831
f 1581/832 1583/833 1582/831
f 1582/831 1583/833 1584/834
f 1583/833 1067/510 1584/834
f 1584/834 1067/510 1585/835
f 1067/510 1065/512 1585/835
f 1585/835 1065/512 1062/514
f 1211/681 1586/865 1209/679
f 1209/679 1586/865 1207/677
f 1586/865 1587/866 1207/677
f 1207/677 1587/866 1205/675
f 1587/866 1470/794 1205/675
f 1205/675 1470/794 1203/673
f 1470/794 1201/671 1203/673
f 628/344 1588/867 630/346
f 630/346 1588/867 632/348
f 1588/867 1589/868 632/348
f 632/348 1589/868 634/350
f 1589/868 1590/869 634/350
f 634/350 1590/869 1591/870
f 1590/869 1592/871 1591/870
f 1593/872 1594/873 1595/874
f 1594/873 1596/875 1595/874
f 1595/874 1596/875 1597/876
f 1596/875 1598/877 1597/876
f 1597/876 1598/877 1599/878
f 1598/877 1020/506 1599/878
f 793/488 1600/604 792/487
f 792/487 1600/604 790/485
f 1600/604 972/428 790/485
f 790/485 972/428 788/483
f 972/428 969/430 788/483
f 788/483 969/430 968/432
f 770/468 768/466 896/542
f 896/542 768/466 894/540
f 768/466 766/464 894/540
f 894/540 766/464 1601/745
f 766/464 578/300 1601/745
f 1601/745 578/300 1602/746
f 1603/879 1604/880 1605/852
f 1604/880 1606/850 1605/852
f 1605/852 1606/850 1607/851
f 1606/850 1608/849 1607/851
f 1607/851 1608/849 1609/881
f 1608/849 1610/882 1609/881
f 1611/763 1612/764 1613/762
f 1612/764 1614/883 1613/762
f 1613/762 1614/883 1615/884
f 1614/883 1616/885 1615/884
f 1615/884 1616/885 1617/886
f 1616/885 1618/884 1617/886
f 537/260 1619/887 539/262
f 539/262 1619/887 642/358
f 1619/887 1620/888 642/358
f 642/358 1620/888 644/360
f 1620/888 1621/889 644/360
f 644/360 1621/889 646/362
f 1116/623 1114/621 1622/684
f 1622/684 1114/621 1623/685
f 1114/621 1624/686 1623/685
f 1623/685 1624/686 1625/890
f 1624/686 1626/750 1625/890
f 1625/890 1626/750 1627/891
f 1628/892 1629/893 1411/771
f 1629/893 1630/894 1411/771
f 1411/771 1630/894 1412/772
f 1630/894 1631/895 1412/772
f 1412/772 1631/895 1632/896
f 1631/895 1633/897 1632/896
f 684/396 963/414 682/394
f 963/414 961/413 682/394
f 682/394 961/413 680/392
f 961/413 1356/742 680/392
f 680/392 1356/742 678/390
f 1356/742 676/388 678/390
f 681/393 679/391 801/493
f 679/391 677/389 801/493
f 801/493 677/389 1634/609
f 677/389 1635/608 1634/609
f 1634/609 1635/608 670/382
f 1635/608 673/385 670/382
f 982/418 980/420 795/416
f 795/416 980/420 794/489
f 980/420 978/422 794/489
f 794/489 978/422 793/488
f 978/422 976/424 793/488
f 793/488 976/424 974/426
f 945/278 1327/280 947/279
f 1327/280 651/281 947/279
f 947/279 651/281 949/458
f 651/281 653/365 949/458
f 949/458 653/365 951/459
f 653/365 655/367 951/459
f 905/546 904/303 1636/302
f 904/303 993/301 1636/302
f 1636/302 993/301 1366/300
f 993/301 992/464 1366/300
f 1366/300 992/464 1364/745
f 992/464 990/540 1364/745
f 1071/506 1637/877 1638/878
f 1638/878 1637/877 1639/876
f 1637/877 1640/875 1639/876
f 1639/876 1640/875 1641/874
f 1640/875 1642/873 1641/874
f 1641/874 1642/873 1643/872
f 559/281 1389/364 561/283
f 1389/364 762/460 561/283
f 561/283 762/460 1644/572
f 762/460 764/462 1644/572
f 1644/572 764/462 567/289
f 764/462 569/291 567/289
f 1645/892 1455/771 1646/893
f 1646/893 1455/771 1647/894
f 1455/771 1453/772 1647/894
f 1647/894 1453/772 1648/895
f 1453/772 1649/896 1648/895
f 1648/895 1649/896 1650/897
f 1015/601 1651/864 1008/595
f 1008/595 1651/864 1007/594
f 1651/864 1652/863 1007/594
f 1007/594 1652/863 1006/593
f 1652/863 1653/862 1006/593
f 1006/593 1653/862 1560/861
f 554/274 1284/575 994/272
f 1284/575 1287/574 994/272
f 994/272 1287/574 995/270
f 1287/574 1289/573 995/270
f 995/270 1289/573 996/268
f 1289/573 998/266 996/268
f 1460/362 1654/889 1461/360
f 1654/889 1655/888 1461/360
f 1461/360 1655/888 1462/358
f 1655/888 1656/887 1462/358
f 1462/358 1656/887 1002/262
f 1656/887 1004/260 1002/262
f 1121/373 1657/375 1123/374
f 1123/374 1657/375 1125/376
f 1657/375 1658/377 1125/376
f 1125/376 1658/377 1127/378
f 1658/377 1659/379 1127/378
f 1127/378 1659/379 1660/380
f 1477/801 1208/678 1479/803
f 1208/678 1206/676 1479/803
f 1479/803 1206/676 1481/805
f 1206/676 1204/674 1481/805
f 1481/805 1204/674 1483/807
f 1204/674 1485/809 1483/807
f 1020/506 1018/504 1661/898
f 1661/898 1018/504 1662/899
f 1018/504 809/501 1662/899
f 1662/899 809/501 813/504
f 809/501 811/502 813/504
f 924/565 1663/753 925/566
f 925/566 1663/753 1347/629
f 1663/753 1664/900 1347/629
f 1347/629 1664/900 1345/631
f 1664/900 1665/901 1345/631
f 832/523 834/525 1493/815
f 834/525 836/527 1493/815
f 1493/815 836/527 1491/813
f 836/527 1666/902 1491/813
f 1491/813 1666/902 1163/648
f 1035/527 1667/903 1033/529
f 1033/529 1667/903 1668/904
f 1667/903 838/529 1668/904
f 1668/904 838/529 842/533
f 838/529 840/531 842/533
f 1626/750 1110/617 1669/749
f 1669/749 1110/617 1670/748
f 1110/617 1108/615 1670/748
f 1670/748 1108/615 1104/611
f 1108/615 1106/613 1104/611
f 1234/545 771/469 1236/473
f 1236/473 771/469 1238/472
f 771/469 773/471 1238/472
f 1238/472 773/471 1437/789
f 773/471 775/472 1437/789
f 1671/905 1672/906 1614/883
f 1614/883 1672/906 1616/885
f 1672/906 1673/883 1616/885
f 1616/885 1673/883 1618/884
f 1673/883 1397/762 1618/884
f 1552/854 1674/907 1554/856
f 1674/907 1675/854 1554/856
f 1554/856 1675/854 1556/855
f 1675/854 1676/853 1556/855
f 1556/855 1676/853 1558/859
f 1329/723 1677/908 1331/725
f 1677/908 1678/723 1331/725
f 1331/725 1678/723 1679/724
f 1678/723 1680/722 1679/724
f 1679/724 1680/722 1681/909
f 1432/324 1682/910 1434/476
f 1682/910 1683/478 1434/476
f 1434/476 1683/478 1435/477
f 1683/478 1684/479 1435/477
f 1435/477 1684/479 1436/546
f 1685/911 1332/726 1686/730
f 1686/730 1332/726 1687/729
f 1332/726 1334/728 1687/729
f 1687/729 1334/728 1688/912
f 1334/728 1689/913 1688/912
f 1441/740 1442/742 1440/741
f 1440/741 1442/742 1690/743
f 1442/742 1691/388 1690/743
f 1690/743 1691/388 1090/606
f 1691/388 1092/386 1090/606
f 1233/648 1692/902 1500/813
f 1692/902 859/527 1500/813
f 1500/813 859/527 1498/815
f 859/527 861/525 1498/815
f 1498/815 861/525 863/523
f 701/413 1439/583 699/411
f 699/411 1439/583 1693/582
f 1439/583 1694/580 1693/582
f 1693/582 1694/580 1695/581
f 1694/580 1696/579 1695/581
f 1442/742 1443/390 1691/388
f 1443/390 1098/389 1691/388
f 1691/388 1098/389 1697/387
f 1098/389 1096/608 1697/387
f 1697/387 1096/608 1094/385
f 1698/914 1699/405 1700/407
f 1700/407 1699/405 1701/406
f 1699/405 1702/404 1701/406
f 1701/406 1702/404 1140/587
f 1702/404 1139/402 1140/587
f 1456/571 761/368 1457/370
f 1457/370 761/368 1458/369
f 761/368 759/367 1458/369
f 1458/369 759/367 1459/578
f 759/367 1703/577 1459/578
f 1704/915 1705/916 1706/917
f 1706/917 1705/916 1707/918
f 1705/916 1708/919 1707/918
f 1707/918 1708/919 1709/920
f 1708/919 1710/921 1709/920
f 606/307 781/476 608/324
f 608/324 781/476 1711/910
f 781/476 783/478 1711/910
f 1711/910 783/478 1712/922
f 783/478 785/480 1712/922
f 1713/923 1714/924 1547/849
f 1547/849 1714/924 1545/848
f 1714/924 1608/849 1545/848
f 1545/848 1608/849 1544/847
f 1608/849 1606/850 1544/847
f 859/527 1715/903 857/529
f 857/529 1715/903 1716/904
f 1715/903 1058/529 1716/904
f 1716/904 1058/529 853/533
f 1058/529 1060/531 853/533
f 880/506 882/504 1717/898
f 1717/898 882/504 1718/899
f 882/504 886/501 1718/899
f 1718/899 886/501 1073/504
f 886/501 1075/502 1073/504
f 1490/536 1719/537 1489/535
f 1719/537 1720/811 1489/535
f 1489/535 1720/811 1488/812
f 1720/811 1721/925 1488/812
f 1488/812 1721/925 1487/811
f 1514/811 1722/925 1513/812
f 1722/925 1723/811 1513/812
f 1513/812 1723/811 1512/535
f 1723/811 1724/537 1512/535
f 1512/535 1724/537 1511/536
f 1502/819 1503/820 1725/926
f 1725/926 1503/820 1726/819
f 1503/820 1504/497 1726/819
f 1726/819 1504/497 1727/496
f 1504/497 1505/498 1727/496
f 872/514 874/512 1728/835
f 874/512 876/510 1728/835
f 1728/835 876/510 1729/834
f 876/510 1730/833 1729/834
f 1729/834 1730/833 1731/831
f 1732/831 1733/833 1734/834
f 1733/833 819/510 1734/834
f 1734/834 819/510 1735/835
f 819/510 821/512 1735/835
f 1735/835 821/512 823/514
f 1506/498 1507/497 1736/496
f 1736/496 1507/497 1737/819
f 1507/497 1508/820 1737/819
f 1737/819 1508/820 1738/926
f 1508/820 1509/819 1738/926
f 1516/821 1524/829 1739/927
f 1524/829 1522/827 1739/927
f 1739/927 1522/827 1517/822
f 1522/827 1520/825 1517/822
f 1039/523 1567/815 1037/525
f 1037/525 1567/815 1035/527
f 1567/815 1565/813 1035/527
f 1035/527 1565/813 1740/902
f 1533/838 1534/839 1741/928
f 1534/839 1536/841 1741/928
f 1741/928 1536/841 1742/929
f 1536/841 1538/843 1742/929
f 625/341 1743/930 623/339
f 623/339 1743/930 621/337
f 1743/930 1744/931 621/337
f 621/337 1744/931 619/335
f 1111/618 1321/687 1109/616
f 1109/616 1321/687 1107/614
f 1321/687 1318/688 1107/614
f 1107/614 1318/688 1317/689
f 1535/840 1745/932 1537/842
f 1745/932 1746/933 1537/842
f 1537/842 1746/933 1539/844
f 1746/933 1747/934 1539/844
f 1319/690 1320/717 1748/935
f 1320/717 1322/718 1748/935
f 1748/935 1322/718 1749/936
f 1322/718 1750/937 1749/936
f 787/482 1751/632 789/484
f 789/484 1751/632 791/486
f 1751/632 691/403 791/486
f 791/486 691/403 689/401
f 926/567 927/568 1752/752
f 927/568 1753/751 1752/752
f 1752/752 1753/751 1198/299
f 1753/751 929/297 1198/299
f 960/411 962/412 1754/410
f 962/412 964/584 1754/410
f 1754/410 964/584 1755/706
f 964/584 1570/705 1755/706
f 1756/902 1576/813 1056/527
f 1576/813 1577/815 1056/527
f 1056/527 1577/815 1054/525
f 1577/815 1052/523 1054/525
f 573/295 571/293 1456/571
f 571/293 765/463 1456/571
f 1456/571 765/463 761/368
f 765/463 763/461 761/368
f 1375/751 575/297 1377/568
f 575/297 1757/569 1377/568
f 1377/568 1757/569 1128/566
f 1757/569 1126/627 1128/566
f 1128/566 1130/629 1380/753
f 1380/753 1130/629 1758/900
f 1130/629 1132/631 1758/900
f 1758/900 1132/631 1759/901
f 753/455 1760/770 755/457
f 1760/770 1761/576 755/457
f 755/457 1761/576 757/459
f 1761/576 759/367 757/459
f 1088/483 1087/485 1135/484
f 1135/484 1087/485 1137/486
f 1087/485 1085/487 1137/486
f 1137/486 1085/487 1083/401
f 902/465 900/467 991/466
f 900/467 899/468 991/466
f 991/466 899/468 989/542
f 899/468 897/543 989/542
f 816/507 814/505 1762/938
f 814/505 812/503 1762/938
f 1762/938 812/503 1763/939
f 812/503 1764/940 1763/939
f 1021/507 1765/938 1019/505
f 1019/505 1765/938 1017/503
f 1765/938 1766/939 1017/503
f 1017/503 1766/939 1767/940
f 835/526 1768/941 837/528
f 837/528 1768/941 839/530
f 1768/941 1769/942 839/530
f 839/530 1769/942 1770/943
f 1036/526 1034/528 1771/941
f 1034/528 1032/530 1771/941
f 1771/941 1032/530 1772/942
f 1032/530 1773/943 1772/942
f 981/419 797/417 1774/944
f 1774/944 797/417 1775/634
f 797/417 799/491 1775/634
f 1775/634 799/491 800/492
f 1119/626 1776/738 1121/373
f 1121/373 1776/738 1657/375
f 1776/738 1777/739 1657/375
f 1657/375 1777/739 1658/377
f 1057/528 1778/941 1059/530
f 1059/530 1778/941 1779/942
f 1778/941 1053/524 1779/942
f 1779/942 1053/524 1051/522
f 1780/943 1781/942 856/530
f 856/530 1781/942 1782/941
f 1781/942 864/522 1782/941
f 1782/941 864/522 862/524
f 1068/509 1783/938 1066/511
f 1066/511 1783/938 1784/939
f 1783/938 1074/503 1784/939
f 1784/939 1074/503 1785/940
f 875/511 1786/939 877/509
f 877/509 1786/939 1787/938
f 1786/939 883/503 1787/938
f 1787/938 883/503 881/505
f 1307/707 1315/715 1308/708
f 1308/708 1315/715 1311/711
f 1315/715 1313/713 1311/711
f 1283/461 656/368 1282/460
f 656/368 654/366 1282/460
f 1282/460 654/366 652/364
f 1022/508 1020/506 1528/833
f 1020/506 1598/877 1528/833
f 1528/833 1598/877 1527/832
f 924/565 1788/754 1663/753
f 1788/754 1789/755 1663/753
f 1663/753 1789/755 1664/900
f 1790/945 1791/946 1276/701
f 1276/701 1791/946 1274/699
f 1791/946 1792/947 1274/699
f 955/579 1793/790 956/580
f 956/580 1793/790 959/583
f 1793/790 1355/741 959/583
f 670/382 669/381 1634/609
f 669/381 803/495 1634/609
f 1634/609 803/495 801/493
f 1794/948 1153/638 1795/949
f 1153/638 1151/636 1795/949
f 1795/949 1151/636 1796/950
f 1797/951 1798/952 1543/846
f 1798/952 1799/951 1543/846
f 1543/846 1799/951 1800/845
f 1684/479 1683/478 1801/480
f 1801/480 1683/478 1802/922
f 1683/478 1682/910 1802/922
f 1611/763 1613/762 1803/761
f 1613/762 1392/758 1803/761
f 1803/761 1392/758 1394/760
f 1344/737 1343/736 1804/953
f 1343/736 1342/735 1804/953
f 1804/953 1342/735 1805/954
f 1551/853 1553/855 1806/859
f 1806/859 1553/855 1807/858
f 1553/855 1555/857 1807/858
f 1328/722 1330/724 1808/909
f 1330/724 1332/726 1808/909
f 1808/909 1332/726 1685/911
f 986/591 984/589 1809/955
f 1809/955 984/589 1361/591
f 984/589 1362/539 1361/591
f 1810/956 1325/721 1117/624
f 1117/624 1325/721 1115/622
f 1325/721 1113/620 1115/622
f 1114/621 1112/619 1624/686
f 1112/619 1110/617 1624/686
f 1624/686 1110/617 1626/750
f 1811/957 1812/958 1813/959
f 1812/958 1814/960 1813/959
f 1813/959 1814/960 1815/958
f 1401/766 1402/767 1816/961
f 1402/767 1817/962 1816/961
f 1816/961 1817/962 1818/963
f 1410/454 1409/455 748/451
f 1409/455 1819/964 748/451
f 748/451 1819/964 746/450
f 586/308 1541/322 588/310
f 1541/322 1540/321 588/310
f 588/310 1540/321 590/312
f 624/340 920/561 626/342
f 626/342 920/561 628/344
f 920/561 1820/965 628/344
f 1821/966 1822/967 1823/968
f 1822/967 1824/969 1823/968
f 1823/968 1824/969 1825/970
f 919/560 1826/971 921/562
f 921/562 1826/971 923/564
f 1826/971 1827/972 923/564
f 561/283 1644/572 563/285
f 563/285 1644/572 565/287
f 1644/572 567/289 565/287
f 720/428 718/426 1086/604
f 1086/604 718/426 1084/488
f 718/426 716/424 1084/488
f 714/422 712/420 1291/489
f 712/420 708/416 1291/489
f 1291/489 708/416 706/397
f 1254/685 1828/890 1256/686
f 1828/890 1374/750 1256/686
f 1256/686 1374/750 1258/617
f 749/452 744/448 751/451
f 744/448 746/450 751/451
f 751/451 746/450 1829/964
f 1099/493 1101/393 1145/492
f 1145/492 1101/393 1143/491
f 1101/393 1142/490 1143/491
f 1830/963 1831/962 1832/961
f 1831/962 1465/767 1832/961
f 1832/961 1465/767 1466/766
f 1337/730 1335/726 1833/911
f 1833/911 1335/726 1681/909
f 1335/726 1679/724 1681/909
f 733/439 1834/440 732/435
f 732/435 1834/440 738/441
f 1834/440 736/442 738/441
f 1835/954 1385/735 1836/953
f 1385/735 1384/736 1836/953
f 1836/953 1384/736 1383/737
f 1837/649 1838/651 1839/650
f 1838/651 1170/652 1839/650
f 1839/650 1170/652 1172/656
f 774/469 901/545 776/473
f 776/473 901/545 778/475
f 901/545 779/306 778/475
f 1248/335 1840/931 1250/337
f 1840/931 1841/930 1250/337
f 1250/337 1841/930 1252/339
f 1369/613 1262/614 1371/615
f 1262/614 1260/616 1371/615
f 1371/615 1260/616 1258/617
f 1825/970 1842/973 1823/968
f 1842/973 1843/974 1823/968
f 1823/968 1843/974 1710/921
f 1844/950 1222/636 1845/949
f 1222/636 1223/638 1845/949
f 1845/949 1223/638 1846/948
f 1847/947 1848/946 1298/699
f 1298/699 1848/946 1297/701
f 1848/946 1849/945 1297/701
f 1581/832 1637/877 1583/833
f 1637/877 1071/506 1583/833
f 1583/833 1071/506 1069/508
f 1021/507 1023/509 1765/938
f 1023/509 1025/511 1765/938
f 1765/938 1025/511 1766/939
f 824/515 822/513 1850/975
f 1850/975 822/513 1851/976
f 822/513 820/511 1851/976
f 1769/942 1768/941 831/522
f 831/522 1768/941 833/524
f 1768/941 835/526 833/524
f 1040/522 1852/977 1042/520
f 1852/977 1853/978 1042/520
f 1042/520 1853/978 1044/518
f 681/393 798/490 683/395
f 798/490 796/415 683/395
f 683/395 796/415 685/397
f 1854/979 1138/403 1699/405
f 1699/405 1138/403 1702/404
f 1138/403 1139/402 1702/404
f 1294/706 1292/584 698/410
f 698/410 1292/584 700/412
f 1292/584 702/414 700/412
f 856/530 1782/941 858/528
f 858/528 1782/941 860/526
f 1782/941 862/524 860/526
f 868/518 866/520 1855/978
f 1855/978 866/520 1856/977
f 866/520 864/522 1856/977
f 1066/511 1857/976 1064/513
f 1857/976 1858/975 1064/513
f 1064/513 1858/975 1063/515
f 1074/503 1783/938 1072/505
f 1072/505 1783/938 1070/507
f 1783/938 1068/509 1070/507
f 816/507 1762/938 818/509
f 1762/938 1763/939 818/509
f 818/509 1763/939 820/511
f 1029/515 1859/975 1027/513
f 1859/975 1860/976 1027/513
f 1027/513 1860/976 1025/511
f 831/522 829/520 1861/977
f 1861/977 829/520 1862/978
f 829/520 827/518 1862/978
f 1040/522 1038/524 1772/942
f 1772/942 1038/524 1771/941
f 1038/524 1036/526 1771/941
f 1047/518 1863/978 1049/520
f 1863/978 1864/977 1049/520
f 1049/520 1864/977 1051/522
f 875/511 873/513 1865/976
f 1865/976 873/513 1866/975
f 873/513 871/515 1866/975
f 1415/775 1412/772 1417/777
f 1417/777 1412/772 1632/896
f 1662/899 813/504 1661/898
f 1661/898 813/504 815/506
f 819/510 1733/833 817/508
f 1733/833 815/506 817/508
f 677/389 675/387 1635/608
f 1635/608 675/387 673/385
f 894/540 1601/745 892/538
f 892/538 1601/745 1602/746
f 771/469 1234/545 769/467
f 769/467 1234/545 767/465
f 1405/593 729/437 1560/861
f 1560/861 729/437 1006/593
f 1633/897 1631/895 1867/980
f 1631/895 1630/894 1867/980
f 647/363 649/282 1327/280
f 1327/280 649/282 651/281
f 1348/628 1346/630 666/378
f 666/378 1346/630 668/380
f 1418/778 1420/780 1595/874
f 1420/780 1593/872 1595/874
f 1754/410 1868/409 960/411
f 960/411 1868/409 958/582
f 1317/689 1869/747 1107/614
f 1107/614 1869/747 1105/612
f 972/428 1600/604 974/426
f 974/426 1600/604 793/488
f 983/588 1870/590 984/589
f 984/589 1870/590 1362/539
f 1439/583 1438/790 1694/580
f 1438/790 1696/579 1694/580
f 1649/896 1453/772 1449/777
f 1453/772 1451/775 1449/777
f 1643/872 1446/780 1641/874
f 1641/874 1446/780 1448/778
f 575/297 1124/570 1757/569
f 1757/569 1124/570 1126/627
f 1660/380 1131/630 1127/378
f 1131/630 1129/628 1127/378
f 1336/729 1871/912 1334/728
f 1871/912 1689/913 1334/728
f 1650/897 1872/980 1648/895
f 1872/980 1647/894 1648/895
f 1873/756 1395/758 1391/757
f 1391/757 1395/758 1393/759
f 1874/882 1547/849 1875/881
f 1547/849 1549/851 1875/881
f 1548/850 1876/880 1550/852
f 1876/880 1877/879 1550/852
f 1480/804 1878/981 1478/802
f 1478/802 1878/981 1476/800
f 1710/921 1708/919 1823/968
f 1823/968 1708/919 1821/966
f 1094/385 1092/386 1697/387
f 1697/387 1092/386 1691/388
f 880/506 1730/833 878/508
f 1730/833 876/510 878/508
f 1071/506 1717/898 1073/504
f 1073/504 1717/898 1718/899
f 930/570 928/569 1349/627
f 928/569 925/566 1349/627
f 1031/531 1033/529 842/533
f 842/533 1033/529 1668/904
f 1322/718 1323/719 1750/937
f 1323/719 1324/720 1750/937
f 1144/634 709/417 1879/944
f 1879/944 709/417 711/419
f 703/394 705/395 1101/393
f 1101/393 705/395 1142/490
f 1333/727 1331/725 1335/726
f 1335/726 1331/725 1679/724
f 855/531 857/529 853/533
f 853/533 857/529 1716/904
f 1053/524 1778/941 1055/526
f 1778/941 1057/528 1055/526
f 877/509 1787/938 879/507
f 1787/938 881/505 879/507
f 1516/821 1739/927 1517/822
f 1528/833 1024/510 1022/508
f 1880/982 1275/700 1273/698
f 1881/983 1152/637 1154/639
f 1667/903 836/527 838/529
f 730/438 728/436 726/434
f 1882/984 638/354 636/352
f 1883/985 1884/986 1745/932
f 1319/690 1748/935 1885/987
f 1797/951 1543/846 1542/845
f 1714/924 1886/923 1608/849
f 788/483 968/432 786/481
f 1887/860 1806/859 1807/858
f 944/575 943/574 1326/704
f 1403/768 1404/769 1888/988
f 1687/729 1889/731 1686/730
f 1890/989 1752/752 1198/299
f 1753/751 927/568 929/297
f 932/571 930/570 660/372
f 1891/914 695/407 693/405
f 1354/740 1356/742 961/413
f 1892/605 1359/607 1358/606
f 1410/454 748/451 750/453
f 1340/733 1893/990 1341/734
f 1432/324 1431/325 1894/326
f 1238/472 1437/789 1240/319
f 1433/323 585/307 587/309
f 741/446 739/444 743/445
f 1387/733 1386/734 1895/990
f 1374/750 1828/890 1896/891
f 1829/964 753/455 751/451
f 712/420 710/418 708/416
f 1293/705 1076/602 1078/585
f 1700/407 1701/406 1897/408
f 1898/989 577/299 1376/752
f 558/280 560/282 1286/363
f 1466/766 1467/765 1832/961
f 1012/599 1014/600 1010/597
f 1815/958 1811/957 1813/959
f 740/445 742/447 738/441
f 1464/768 1899/988 1463/769
f 1900/623 1253/684 1255/621
f 1284/575 1285/704 1287/574
f 1838/651 1168/653 1170/652
f 1399/764 1397/762 1673/883
f 1546/847 1543/846 1800/845
f 1671/905 1673/883 1672/906
f 1174/311 603/310 605/309
f 1368/612 1370/611 1901/610
f 1485/809 1204/674 1202/672
f 1715/903 1056/527 1058/529
f 1902/983 1224/639 1221/637
f 1903/982 1299/698 1296/700
f 1583/833 1069/508 1067/510
f 1904/991 1586/865 1211/681
f 1212/682 1210/680 1905/992
f 1401/766 1816/961 1400/765
f 1017/503 806/498 807/499
f 1737/819 1906/818 1736/496
f 631/347 1747/934 629/345
f 551/274 946/277 553/276
f 1282/460 652/364 650/283
f 800/492 802/494 1775/634
f 922/563 1820/965 920/561
f 1140/587 1141/633 1701/406
f 1231/646 1233/648 1500/813
f 1693/582 697/409 699/411
f 1059/530 850/536 851/532
f 1779/942 1907/943 1059/530
f 1723/811 1908/810 1724/537
f 1786/939 1909/940 883/503
f 1758/900 1382/755 1380/753
f 1590/869 1910/993 1592/871
f 1018/504 1016/502 809/501
f 1719/537 1911/810 1720/811
f 844/532 846/536 1032/530
f 1746/933 1883/985 1747/934
f 1491/813 1163/648 1161/646
f 964/584 965/585 1570/705
f 691/403 1912/979 693/405
f 1292/584 704/396 702/414
f 1761/576 1703/577 759/367
f 899/468 898/544 897/543
f 1727/496 1913/818 1726/819
f 888/499 890/498 1074/503
f 882/504 884/502 886/501
